{"name": "Tokyo", "population": 37785.0, "lat": 35.687, "lon": 139.7495, "country_code": "JP"}
{"name": "Jakarta", "population": 33756.0, "lat": -6.175, "lon": 106.8275, "country_code": "ID"}
{"name": "Delhi", "population": 32226.0, "lat": 28.61, "lon": 77.23, "country_code": "IN"}
{"name": "Guangzhou", "population": 26940.0, "lat": 23.13, "lon": 113.26, "country_code": "CN"}
{"name": "Mumbai", "population": 24973.0, "lat": 19.0761, "lon": 72.8775, "country_code": "IN"}
{"name": "Manila", "population": 24922.0, "lat": 14.5958, "lon": 120.9772, "country_code": "PH"}
{"name": "Shanghai", "population": 24073.0, "lat": 31.2286, "lon": 121.4747, "country_code": "CN"}
{"name": "Sao Paulo", "population": 23086.0, "lat": -23.5504, "lon": -46.6339, "country_code": "BR"}
{"name": "Seoul", "population": 23016.0, "lat": 37.5667, "lon": 126.9833, "country_code": "KR"}
{"name": "Mexico City", "population": 21804.0, "lat": 19.4333, "lon": -99.1333, "country_code": "MX"}
{"name": "Kolkata", "population": 21747.0, "lat": 22.5675, "lon": 88.37, "country_code": "IN"}
{"name": "Cairo", "population": 20296.0, "lat": 30.0444, "lon": 31.2358, "country_code": "EG"}
{"name": "Karachi", "population": 20249.0, "lat": 24.86, "lon": 67.01, "country_code": "PK"}
{"name": "Dhaka", "population": 19134.0, "lat": 23.7289, "lon": 90.3944, "country_code": "BD"}
{"name": "New York", "population": 18832.416, "lat": 40.6943, "lon": -73.9249, "country_code": "US"}
{"name": "Beijing", "population": 18522.0, "lat": 39.9067, "lon": 116.3975, "country_code": "CN"}
{"name": "Bangkok", "population": 18007.0, "lat": 13.7525, "lon": 100.4942, "country_code": "TH"}
{"name": "Shenzhen", "population": 17619.0, "lat": 22.5415, "lon": 114.0596, "country_code": "CN"}
{"name": "Moscow", "population": 17332.0, "lat": 55.7506, "lon": 37.6175, "country_code": "RU"}
{"name": "Buenos Aires", "population": 16710.0, "lat": -34.6036, "lon": -58.3814, "country_code": "AR"}
{"name": "Lagos", "population": 16637.0, "lat": 6.455, "lon": 3.3841, "country_code": "NG"}
{"name": "Bangalore", "population": 15386.0, "lat": 12.9789, "lon": 77.5917, "country_code": "IN"}
{"name": "Ho Chi Minh City", "population": 15136.0, "lat": 10.7756, "lon": 106.7019, "country_code": "VN"}
{"name": "Osaka", "population": 15126.0, "lat": 34.6939, "lon": 135.5022, "country_code": "JP"}
{"name": "Chengdu", "population": 14645.0, "lat": 30.66, "lon": 104.0633, "country_code": "CN"}
{"name": "Istanbul", "population": 14441.0, "lat": 41.0136, "lon": 28.955, "country_code": "TR"}
{"name": "Tehran", "population": 14148.0, "lat": 35.6889, "lon": 51.3897, "country_code": "IR"}
{"name": "Kinshasa", "population": 12836.0, "lat": -4.3219, "lon": 15.3119, "country_code": "CD"}
{"name": "Rio de Janeiro", "population": 12592.0, "lat": -22.9111, "lon": -43.2056, "country_code": "BR"}
{"name": "Chennai", "population": 12395.0, "lat": 13.0825, "lon": 80.275, "country_code": "IN"}
{"name": "Xi'an", "population": 12328.0, "lat": 34.2611, "lon": 108.9422, "country_code": "CN"}
{"name": "Lahore", "population": 12306.0, "lat": 31.5497, "lon": 74.3436, "country_code": "PK"}
{"name": "Chongqing", "population": 12135.0, "lat": 29.5637, "lon": 106.5504, "country_code": "CN"}
{"name": "Los Angeles", "population": 11885.717, "lat": 34.1141, "lon": -118.4068, "country_code": "US"}
{"name": "London", "population": 11262.0, "lat": 51.5072, "lon": -0.1275, "country_code": "GB"}
{"name": "Paris", "population": 11060.0, "lat": 48.8567, "lon": 2.3522, "country_code": "FR"}
{"name": "Linyi", "population": 10820.0, "lat": 35.1038, "lon": 118.3564, "country_code": "CN"}
{"name": "Dongguan", "population": 10646.0, "lat": 23.021, "lon": 113.752, "country_code": "CN"}
{"name": "Baoding", "population": 10546.831, "lat": 38.874, "lon": 115.464, "country_code": "CN"}
{"name": "Hyderabad", "population": 10494.0, "lat": 17.3617, "lon": 78.4747, "country_code": "IN"}
{"name": "Tianjin", "population": 10368.0, "lat": 39.1336, "lon": 117.2054, "country_code": "CN"}
{"name": "Lima", "population": 10320.0, "lat": -12.06, "lon": -77.0375, "country_code": "PE"}
{"name": "Wuhan", "population": 10251.0, "lat": 30.5934, "lon": 114.3046, "country_code": "CN"}
{"name": "Nanyang", "population": 9577.771, "lat": 32.9902, "lon": 112.5285, "country_code": "CN"}
{"name": "Hangzhou", "population": 9523.0, "lat": 30.267, "lon": 120.153, "country_code": "CN"}
{"name": "Nagoya", "population": 9197.0, "lat": 35.1833, "lon": 136.9, "country_code": "JP"}
{"name": "Luanda", "population": 9051.0, "lat": -8.8383, "lon": 13.2344, "country_code": "AO"}
{"name": "Foshan", "population": 9042.5, "lat": 23.0214, "lon": 113.1216, "country_code": "CN"}
{"name": "Kuala Lumpur", "population": 8911.0, "lat": 3.1686, "lon": 101.698, "country_code": "MY"}
{"name": "Zhoukou", "population": 8677.8, "lat": 33.6367, "lon": 114.7014, "country_code": "CN"}
{"name": "Tongshan", "population": 8669.0, "lat": 34.261, "lon": 117.1859, "country_code": "CN"}
{"name": "Hanoi", "population": 8587.1, "lat": 21.0, "lon": 105.85, "country_code": "VN"}
{"name": "Chicago", "population": 8489.066, "lat": 41.8375, "lon": -87.6866, "country_code": "US"}
{"name": "Nanjing", "population": 8422.0, "lat": 32.0608, "lon": 118.7789, "country_code": "CN"}
{"name": "Heze", "population": 8287.693, "lat": 35.2343, "lon": 115.4796, "country_code": "CN"}
{"name": "Pune", "population": 8231.0, "lat": 18.5203, "lon": 73.8567, "country_code": "IN"}
{"name": "Jining", "population": 8081.905, "lat": 35.4151, "lon": 116.5871, "country_code": "CN"}
{"name": "Bogota", "population": 8034.649, "lat": 4.7111, "lon": -74.0722, "country_code": "CO"}
{"name": "Ahmedabad", "population": 8009.0, "lat": 23.0225, "lon": 72.5714, "country_code": "IN"}
{"name": "Shenyang", "population": 7964.0, "lat": 41.8025, "lon": 123.4281, "country_code": "CN"}
{"name": "Dar es Salaam", "population": 7962.0, "lat": -6.8161, "lon": 39.2803, "country_code": "TZ"}
{"name": "Khartoum", "population": 7869.0, "lat": 15.6031, "lon": 32.5265, "country_code": "SD"}
{"name": "Johannesburg", "population": 7860.781, "lat": -26.2044, "lon": 28.0456, "country_code": "ZA"}
{"name": "Fuyang", "population": 7599.913, "lat": 32.89, "lon": 115.814, "country_code": "CN"}
{"name": "Hong Kong", "population": 7450.0, "lat": 22.3, "lon": 114.2, "country_code": "HK"}
{"name": "Ganzhou", "population": 7396.873, "lat": 25.831, "lon": 114.933, "country_code": "CN"}
{"name": "Shangqiu", "population": 7325.3, "lat": 34.415, "lon": 115.656, "country_code": "CN"}
{"name": "Cangzhou", "population": 7300.783, "lat": 38.3047, "lon": 116.8387, "country_code": "CN"}
{"name": "Riyadh", "population": 7237.0, "lat": 24.65, "lon": 46.71, "country_code": "SA"}
{"name": "Santiago", "population": 7171.0, "lat": -33.4372, "lon": -70.6506, "country_code": "CL"}
{"name": "Zhumadian", "population": 7008.427, "lat": 33.014, "lon": 114.022, "country_code": "CN"}
{"name": "Zhanjiang", "population": 6981.236, "lat": 21.2701, "lon": 110.3575, "country_code": "CN"}
{"name": "Rangoon", "population": 6874.0, "lat": 16.795, "lon": 96.16, "country_code": "MM"}
{"name": "Yancheng", "population": 6709.629, "lat": 33.35, "lon": 120.1569, "country_code": "CN"}
{"name": "Bijie", "population": 6686.1, "lat": 27.284, "lon": 105.292, "country_code": "CN"}
{"name": "Xingtai", "population": 6645.766, "lat": 37.0717, "lon": 114.5048, "country_code": "CN"}
{"name": "Hengyang", "population": 6645.243, "lat": 26.894, "lon": 112.572, "country_code": "CN"}
{"name": "Shaoyang", "population": 6563.52, "lat": 27.2395, "lon": 111.4679, "country_code": "CN"}
{"name": "Surabaya", "population": 6556.0, "lat": -7.2458, "lon": 112.7378, "country_code": "ID"}
{"name": "Surat", "population": 6538.0, "lat": 21.205, "lon": 72.84, "country_code": "IN"}
{"name": "Quanzhou", "population": 6480.0, "lat": 24.8744, "lon": 118.6757, "country_code": "CN"}
{"name": "Shangrao", "population": 6435.3, "lat": 28.4551, "lon": 117.9431, "country_code": "CN"}
{"name": "Zunyi", "population": 6270.7, "lat": 27.722, "lon": 107.031, "country_code": "CN"}
{"name": "Madrid", "population": 6211.0, "lat": 40.4169, "lon": -3.7033, "country_code": "ES"}
{"name": "Baghdad", "population": 6183.0, "lat": 33.3153, "lon": 44.3661, "country_code": "IQ"}
{"name": "Maoming", "population": 6174.05, "lat": 21.6627, "lon": 110.9255, "country_code": "CN"}
{"name": "Miami", "population": 6113.982, "lat": 25.784, "lon": -80.2101, "country_code": "US"}
{"name": "Xinyang", "population": 6109.106, "lat": 32.149, "lon": 114.091, "country_code": "CN"}
{"name": "Houston", "population": 6046.392, "lat": 29.786, "lon": -95.3885, "country_code": "US"}
{"name": "Singapore", "population": 5983.0, "lat": 1.3, "lon": 103.8, "country_code": "SG"}
{"name": "Prayagraj", "population": 5954.391, "lat": 25.4358, "lon": 81.8464, "country_code": "IN"}
{"name": "Huanggang", "population": 5882.719, "lat": 30.4537, "lon": 114.8724, "country_code": "CN"}
{"name": "Dalian", "population": 5871.474, "lat": 38.9, "lon": 121.6, "country_code": "CN"}
{"name": "Ankara", "population": 5864.049, "lat": 39.93, "lon": 32.85, "country_code": "TR"}
{"name": "Dallas", "population": 5843.632, "lat": 32.7935, "lon": -96.7667, "country_code": "US"}
{"name": "Qingdao", "population": 5818.255, "lat": 36.0669, "lon": 120.3827, "country_code": "CN"}
{"name": "Yulin", "population": 5796.766, "lat": 22.654, "lon": 110.181, "country_code": "CN"}
{"name": "Liaocheng", "population": 5789.863, "lat": 36.4559, "lon": 115.9852, "country_code": "CN"}
{"name": "Douala", "population": 5768.4, "lat": 4.05, "lon": 9.7, "country_code": "CM"}
{"name": "Qujing", "population": 5765.775, "lat": 25.491, "lon": 103.796, "country_code": "CN"}
{"name": "Nangandao", "population": 5708.191, "lat": 35.3036, "lon": 113.9268, "country_code": "CN"}
{"name": "Addis Ababa", "population": 5704.0, "lat": 9.03, "lon": 38.74, "country_code": "ET"}
{"name": "Philadelphia", "population": 5696.588, "lat": 40.0077, "lon": -75.1339, "country_code": "US"}
{"name": "Toronto", "population": 5647.656, "lat": 43.7417, "lon": -79.3733, "country_code": "CA"}
{"name": "Zhengzhou", "population": 5621.593, "lat": 34.764, "lon": 113.684, "country_code": "CN"}
{"name": "Nanchong", "population": 5607.565, "lat": 30.8372, "lon": 106.1106, "country_code": "CN"}
{"name": "Jinan", "population": 5606.374, "lat": 36.6702, "lon": 117.0207, "country_code": "CN"}
{"name": "Giza", "population": 5598.402, "lat": 29.987, "lon": 31.2118, "country_code": "EG"}
{"name": "Saint Petersburg", "population": 5597.763, "lat": 59.9375, "lon": 30.3086, "country_code": "RU"}
{"name": "Jieyang", "population": 5577.814, "lat": 23.551, "lon": 116.3727, "country_code": "CN"}
{"name": "Dezhou", "population": 5568.235, "lat": 37.436, "lon": 116.359, "country_code": "CN"}
{"name": "Nairobi", "population": 5545.0, "lat": -1.2864, "lon": 36.8172, "country_code": "KE"}
{"name": "Guadalajara", "population": 5525.0, "lat": 20.6767, "lon": -103.3475, "country_code": "MX"}
{"name": "Tai'an", "population": 5472.217, "lat": 36.202, "lon": 117.087, "country_code": "CN"}
{"name": "Dazhou", "population": 5385.422, "lat": 31.2093, "lon": 107.4678, "country_code": "CN"}
{"name": "Belo Horizonte", "population": 5328.0, "lat": -19.9281, "lon": -43.9419, "country_code": "BR"}
{"name": "Suzhou", "population": 5324.476, "lat": 33.648, "lon": 116.964, "country_code": "CN"}
{"name": "Monterrey", "population": 5324.281, "lat": 25.6844, "lon": -100.3181, "country_code": "MX"}
{"name": "Yongzhou", "population": 5289.824, "lat": 26.42, "lon": 111.613, "country_code": "CN"}
{"name": "Changde", "population": 5279.102, "lat": 29.031, "lon": 111.699, "country_code": "CN"}
{"name": "Xiangyang", "population": 5260.951, "lat": 32.01, "lon": 112.122, "country_code": "CN"}
{"name": "Atlanta", "population": 5211.164, "lat": 33.7628, "lon": -84.422, "country_code": "US"}
{"name": "Pudong", "population": 5187.2, "lat": 31.2347, "lon": 121.5064, "country_code": "CN"}
{"name": "Washington", "population": 5146.12, "lat": 38.9047, "lon": -77.0163, "country_code": "US"}
{"name": "Zhaotong", "population": 5092.611, "lat": 27.338, "lon": 103.717, "country_code": "CN"}
{"name": "Zhangzhou", "population": 5054.328, "lat": 24.513, "lon": 117.647, "country_code": "CN"}
{"name": "Yueyang", "population": 5051.922, "lat": 29.3647, "lon": 113.1309, "country_code": "CN"}
{"name": "Melbourne", "population": 5031.195, "lat": -37.8142, "lon": 144.9631, "country_code": "AU"}
{"name": "Yichun", "population": 5007.702, "lat": 27.816, "lon": 114.417, "country_code": "CN"}
{"name": "Abidjan", "population": 4980.0, "lat": 5.3364, "lon": -4.0267, "country_code": "CI"}
{"name": "Guilin", "population": 4931.137, "lat": 25.275, "lon": 110.296, "country_code": "CN"}
{"name": "Pingdingshan", "population": 4904.701, "lat": 33.7666, "lon": 113.1926, "country_code": "CN"}
{"name": "Alexandria", "population": 4870.0, "lat": 31.1975, "lon": 29.8925, "country_code": "EG"}
{"name": "Bozhou", "population": 4850.657, "lat": 33.8463, "lon": 115.7786, "country_code": "CN"}
{"name": "Sydney", "population": 4840.6, "lat": -33.8667, "lon": 151.2, "country_code": "AU"}
{"name": "Barcelona", "population": 4800.0, "lat": 41.3833, "lon": 2.1833, "country_code": "ES"}
{"name": "Yuncheng", "population": 4774.508, "lat": 35.0267, "lon": 111.007, "country_code": "CN"}
{"name": "Cape Town", "population": 4770.313, "lat": -33.9253, "lon": 18.4239, "country_code": "ZA"}
{"name": "Changsha", "population": 4766.296, "lat": 28.228, "lon": 112.939, "country_code": "CN"}
{"name": "Suqian", "population": 4719.178, "lat": 33.963, "lon": 118.275, "country_code": "CN"}
{"name": "Jeddah", "population": 4697.0, "lat": 21.5428, "lon": 39.1728, "country_code": "SA"}
{"name": "Weinan", "population": 4688.744, "lat": 34.5206, "lon": 109.471, "country_code": "CN"}
{"name": "Berlin", "population": 4679.5, "lat": 52.52, "lon": 13.405, "country_code": "DE"}
{"name": "Chenzhou", "population": 4667.134, "lat": 25.77, "lon": 113.016, "country_code": "CN"}
{"name": "Jiangmen", "population": 4630.3, "lat": 22.5789, "lon": 113.0815, "country_code": "CN"}
{"name": "Mianyang", "population": 4613.862, "lat": 31.468, "lon": 104.679, "country_code": "CN"}
{"name": "Jiujiang", "population": 4600.276, "lat": 29.661, "lon": 115.954, "country_code": "CN"}
{"name": "Huaihua", "population": 4587.594, "lat": 27.5698, "lon": 110.0016, "country_code": "CN"}
{"name": "Huanglongsi", "population": 4564.9, "lat": 34.795, "lon": 114.345, "country_code": "CN"}
{"name": "Taizhou", "population": 4512.762, "lat": 32.4567, "lon": 119.9229, "country_code": "CN"}
{"name": "Belahi", "population": 4487.379, "lat": 26.4, "lon": 86.25, "country_code": "IN"}
{"name": "Yibin", "population": 4471.896, "lat": 28.752, "lon": 104.643, "country_code": "CN"}
{"name": "Ji'an", "population": 4469.176, "lat": 27.0912, "lon": 114.9668, "country_code": "CN"}
{"name": "Yangzhou", "population": 4459.76, "lat": 32.3944, "lon": 119.4128, "country_code": "CN"}
{"name": "Kunming", "population": 4422.686, "lat": 25.0464, "lon": 102.7094, "country_code": "CN"}
{"name": "Changchun", "population": 4408.154, "lat": 43.897, "lon": 125.326, "country_code": "CN"}
{"name": "Lu'an", "population": 4393.699, "lat": 31.736, "lon": 116.52, "country_code": "CN"}
{"name": "Xinpu", "population": 4393.482, "lat": 34.5966, "lon": 119.2214, "country_code": "CN"}
{"name": "Langfang", "population": 4358.839, "lat": 39.5383, "lon": 116.6835, "country_code": "CN"}
{"name": "Boston", "population": 4355.184, "lat": 42.3188, "lon": -71.0852, "country_code": "US"}
{"name": "Urumqi", "population": 4335.017, "lat": 43.8225, "lon": 87.6125, "country_code": "CN"}
{"name": "Suzhou", "population": 4330.0, "lat": 31.3, "lon": 120.6194, "country_code": "CN"}
{"name": "Guigang", "population": 4316.262, "lat": 23.112, "lon": 109.599, "country_code": "CN"}
{"name": "Shantou", "population": 4312.192, "lat": 23.354, "lon": 116.682, "country_code": "CN"}
{"name": "Jiangguanchi", "population": 4307.488, "lat": 34.037, "lon": 113.852, "country_code": "CN"}
{"name": "Kabul", "population": 4273.156, "lat": 34.5253, "lon": 69.1783, "country_code": "AF"}
{"name": "Xiaoganzhan", "population": 4270.371, "lat": 30.918, "lon": 113.957, "country_code": "CN"}
{"name": "Bamako", "population": 4227.569, "lat": 12.6458, "lon": -7.9922, "country_code": "ML"}
{"name": "Kano", "population": 4224.966, "lat": 12.0, "lon": 8.5167, "country_code": "NG"}
{"name": "Luzhou", "population": 4218.427, "lat": 28.871, "lon": 105.442, "country_code": "CN"}
{"name": "Hefei", "population": 4216.94, "lat": 31.8206, "lon": 117.2273, "country_code": "CN"}
{"name": "Hengshui", "population": 4212.933, "lat": 37.739, "lon": 115.669, "country_code": "CN"}
{"name": "Fortaleza", "population": 4167.996, "lat": -3.7275, "lon": -38.5275, "country_code": "BR"}
{"name": "Anqing", "population": 4165.284, "lat": 30.5318, "lon": 117.1153, "country_code": "CN"}
{"name": "Zhangjiakou", "population": 4118.908, "lat": 40.769, "lon": 114.886, "country_code": "CN"}
{"name": "Zhaoqing", "population": 4113.594, "lat": 23.05, "lon": 112.4667, "country_code": "CN"}
{"name": "Shijiazhuang", "population": 4098.243, "lat": 38.0425, "lon": 114.51, "country_code": "CN"}
{"name": "Ningbo", "population": 4087.523, "lat": 29.8603, "lon": 121.6245, "country_code": "CN"}
{"name": "Qiqihar", "population": 4067.489, "lat": 47.3549, "lon": 123.9182, "country_code": "CN"}
{"name": "Phoenix", "population": 4065.338, "lat": 33.5722, "lon": -112.0892, "country_code": "US"}
{"name": "Liuzhou", "population": 4041.7, "lat": 24.3278, "lon": 109.4278, "country_code": "CN"}
{"name": "Chifeng", "population": 4035.967, "lat": 42.255, "lon": 118.8825, "country_code": "CN"}
{"name": "Xiaoxita", "population": 4017.607, "lat": 30.692, "lon": 111.287, "country_code": "CN"}
{"name": "Amman", "population": 4007.526, "lat": 31.9497, "lon": 35.9328, "country_code": "JO"}
{"name": "Linfen", "population": 3976.481, "lat": 36.088, "lon": 111.519, "country_code": "CN"}
{"name": "Xianyang", "population": 3959.842, "lat": 34.3299, "lon": 108.7088, "country_code": "CN"}
{"name": "Chuzhou", "population": 3937.868, "lat": 32.256, "lon": 118.333, "country_code": "CN"}
{"name": "Kumasi", "population": 3903.48, "lat": 6.7, "lon": -1.625, "country_code": "GH"}
{"name": "Zhuzhou", "population": 3902.738, "lat": 27.829, "lon": 113.133, "country_code": "CN"}
{"name": "Taiyuan", "population": 3875.053, "lat": 37.8704, "lon": 112.5497, "country_code": "CN"}
{"name": "Qingyuan", "population": 3874.0, "lat": 23.682, "lon": 113.056, "country_code": "CN"}
{"name": "Meizhou", "population": 3873.239, "lat": 24.289, "lon": 116.122, "country_code": "CN"}
{"name": "Yiyang", "population": 3851.564, "lat": 28.5549, "lon": 112.356, "country_code": "CN"}
{"name": "Nanning", "population": 3837.978, "lat": 22.8167, "lon": 108.3275, "country_code": "CN"}
{"name": "Harbin", "population": 3830.0, "lat": 45.7576, "lon": 126.6409, "country_code": "CN"}
{"name": "Loudi", "population": 3826.996, "lat": 27.6998, "lon": 111.9944, "country_code": "CN"}
{"name": "Abuja", "population": 3770.0, "lat": 9.0667, "lon": 7.4833, "country_code": "NG"}
{"name": "Yokohama", "population": 3757.63, "lat": 35.4442, "lon": 139.6381, "country_code": "JP"}
{"name": "Suihua", "population": 3756.167, "lat": 46.654, "lon": 126.969, "country_code": "CN"}
{"name": "Binzhou", "population": 3748.474, "lat": 37.383, "lon": 117.971, "country_code": "CN"}
{"name": "Zaozhuang", "population": 3729.14, "lat": 34.8109, "lon": 117.3238, "country_code": "CN"}
{"name": "Detroit", "population": 3716.929, "lat": 42.3834, "lon": -83.1024, "country_code": "US"}
{"name": "Xiamen", "population": 3707.09, "lat": 24.4796, "lon": 118.0889, "country_code": "CN"}
{"name": "Mashhad", "population": 3700.0, "lat": 36.3264, "lon": 59.5433, "country_code": "IR"}
{"name": "Montreal", "population": 3675.219, "lat": 45.5089, "lon": -73.5617, "country_code": "CA"}
{"name": "Fuzhou", "population": 3671.192, "lat": 26.0743, "lon": 119.2964, "country_code": "CN"}
{"name": "Wuhu", "population": 3644.42, "lat": 31.3526, "lon": 118.4331, "country_code": "CN"}
{"name": "Medan", "population": 3632.0, "lat": 3.5894, "lon": 98.6739, "country_code": "ID"}
{"name": "Yulinshi", "population": 3624.75, "lat": 38.2858, "lon": 109.7341, "country_code": "CN"}
{"name": "Fuzhou", "population": 3614.866, "lat": 27.949, "lon": 116.358, "country_code": "CN"}
{"name": "Wenzhou", "population": 3604.446, "lat": 27.9938, "lon": 120.6993, "country_code": "CN"}
{"name": "Changzhou", "population": 3601.079, "lat": 31.811, "lon": 119.974, "country_code": "CN"}
{"name": "Puyang", "population": 3598.74, "lat": 35.7627, "lon": 115.0292, "country_code": "CN"}
{"name": "Nanchang", "population": 3576.547, "lat": 28.683, "lon": 115.858, "country_code": "CN"}
{"name": "Baicheng", "population": 3571.505, "lat": 23.903, "lon": 106.619, "country_code": "CN"}
{"name": "Seattle", "population": 3555.253, "lat": 47.6211, "lon": -122.3244, "country_code": "US"}
{"name": "Ibadan", "population": 3552.0, "lat": 7.3964, "lon": 3.9167, "country_code": "NG"}
{"name": "Jiaozuo", "population": 3521.078, "lat": 35.2157, "lon": 113.2419, "country_code": "CN"}
{"name": "Nadampalaiyam", "population": 3458.045, "lat": 11.0125, "lon": 76.9714, "country_code": "IN"}
{"name": "Deyang", "population": 3456.161, "lat": 31.127, "lon": 104.398, "country_code": "CN"}
{"name": "Busan", "population": 3453.198, "lat": 35.18, "lon": 129.075, "country_code": "KR"}
{"name": "Hechi", "population": 3417.945, "lat": 24.693, "lon": 108.085, "country_code": "CN"}
{"name": "Tangshan", "population": 3399.231, "lat": 39.6294, "lon": 118.1739, "country_code": "CN"}
{"name": "Lucknow", "population": 3382.0, "lat": 26.85, "lon": 80.95, "country_code": "IN"}
{"name": "San Francisco", "population": 3364.862, "lat": 37.7558, "lon": -122.4449, "country_code": "US"}
{"name": "Boankra", "population": 3348.0, "lat": 6.6919, "lon": -1.4051, "country_code": "GH"}
{"name": "Dubai", "population": 3331.42, "lat": 25.2631, "lon": 55.2972, "country_code": "AE"}
{"name": "Anshan", "population": 3325.372, "lat": 41.108, "lon": 122.994, "country_code": "CN"}
{"name": "Guozhen", "population": 3321.853, "lat": 34.3609, "lon": 107.1751, "country_code": "CN"}
{"name": "Baojishi", "population": 3321.853, "lat": 34.363, "lon": 107.238, "country_code": "CN"}
{"name": "Qinzhou", "population": 3302.238, "lat": 21.981, "lon": 108.654, "country_code": "CN"}
{"name": "Guiyang", "population": 3299.724, "lat": 26.647, "lon": 106.63, "country_code": "CN"}
{"name": "Wuxi", "population": 3245.179, "lat": 31.5667, "lon": 120.2833, "country_code": "CN"}
{"name": "Kannankulam", "population": 3243.17, "lat": 10.52, "lon": 76.21, "country_code": "IN"}
{"name": "Caracas", "population": 3242.0, "lat": 10.4806, "lon": -66.9036, "country_code": "VE"}
{"name": "Kotla Qasim Khan", "population": 3219.375, "lat": 32.5833, "lon": 73.75, "country_code": "PK"}
{"name": "Casablanca", "population": 3215.935, "lat": 33.5333, "lon": -7.5833, "country_code": "MA"}
{"name": "Hanzhong", "population": 3211.462, "lat": 33.0664, "lon": 107.0232, "country_code": "CN"}
{"name": "Shiyan", "population": 3209.004, "lat": 32.629, "lon": 110.7987, "country_code": "CN"}
{"name": "Guang'an", "population": 3205.476, "lat": 30.4564, "lon": 106.6326, "country_code": "CN"}
{"name": "Faisalabad", "population": 3203.846, "lat": 31.4167, "lon": 73.0911, "country_code": "PK"}
{"name": "Changzhi", "population": 3180.884, "lat": 36.195, "lon": 113.117, "country_code": "CN"}
{"name": "Tongren", "population": 3168.8, "lat": 27.7316, "lon": 109.1895, "country_code": "CN"}
{"name": "Bengbu", "population": 3164.467, "lat": 32.917, "lon": 117.389, "country_code": "CN"}
{"name": "Leshan", "population": 3160.168, "lat": 29.552, "lon": 103.766, "country_code": "CN"}
{"name": "Santa Cruz de la Sierra", "population": 3151.676, "lat": -17.7892, "lon": -63.1975, "country_code": "BO"}
{"name": "Neijiang", "population": 3140.678, "lat": 29.5802, "lon": 105.058, "country_code": "CN"}
{"name": "Zhenjiang", "population": 3113.384, "lat": 32.188, "lon": 119.424, "country_code": "CN"}
{"name": "Qinhuangdao", "population": 3107.4, "lat": 39.8882, "lon": 119.5202, "country_code": "CN"}
{"name": "Bursa", "population": 3101.833, "lat": 40.1833, "lon": 29.05, "country_code": "TR"}
{"name": "Tashkent", "population": 3095.498, "lat": 41.3111, "lon": 69.2797, "country_code": "UZ"}
{"name": "Guayaquil", "population": 3094.42, "lat": -2.19, "lon": -79.8875, "country_code": "EC"}
{"name": "Jaipur", "population": 3073.35, "lat": 26.9, "lon": 75.8, "country_code": "IN"}
{"name": "Lanzhou", "population": 3067.141, "lat": 36.0606, "lon": 103.8268, "country_code": "CN"}
{"name": "Ouagadougou", "population": 3063.271, "lat": 12.3686, "lon": -1.5275, "country_code": "BF"}
{"name": "Athens", "population": 3059.764, "lat": 37.9842, "lon": 23.7281, "country_code": "GR"}
{"name": "San Diego", "population": 3057.778, "lat": 32.8313, "lon": -117.1222, "country_code": "US"}
{"name": "Guatemala City", "population": 3014.0, "lat": 14.6417, "lon": -90.5133, "country_code": "GT"}
{"name": "Kuwait City", "population": 2989.0, "lat": 29.3697, "lon": 47.9783, "country_code": "KW"}
{"name": "Qincheng", "population": 2984.659, "lat": 34.5815, "lon": 105.7248, "country_code": "CN"}
{"name": "Izmir", "population": 2965.9, "lat": 38.42, "lon": 27.14, "country_code": "TR"}
{"name": "Quezon City", "population": 2960.048, "lat": 14.65, "lon": 121.0475, "country_code": "PH"}
{"name": "Kyiv", "population": 2952.301, "lat": 50.45, "lon": 30.5233, "country_code": "UA"}
{"name": "Kottarassheri", "population": 2952.254, "lat": 10.775, "lon": 76.651, "country_code": "IN"}
{"name": "Meishan", "population": 2950.545, "lat": 30.0771, "lon": 103.8484, "country_code": "CN"}
{"name": "Incheon", "population": 2936.117, "lat": 37.4833, "lon": 126.6333, "country_code": "KR"}
{"name": "Ningde", "population": 2910.0, "lat": 26.6662, "lon": 119.5477, "country_code": "CN"}
{"name": "Zhongshan", "population": 2909.633, "lat": 22.517, "lon": 113.3925, "country_code": "CN"}
{"name": "Minneapolis", "population": 2906.807, "lat": 44.9635, "lon": -93.2678, "country_code": "US"}
{"name": "Tampa", "population": 2906.035, "lat": 27.9945, "lon": -82.4447, "country_code": "US"}
{"name": "Putian", "population": 2900.0, "lat": 25.4526, "lon": 119.0078, "country_code": "CN"}
{"name": "Mbuji-Mayi", "population": 2892.0, "lat": -6.15, "lon": 23.6, "country_code": "CD"}
{"name": "Tongliao", "population": 2873.168, "lat": 43.654, "lon": 122.243, "country_code": "CN"}
{"name": "Chaoyang", "population": 2872.857, "lat": 41.571, "lon": 120.453, "country_code": "CN"}
{"name": "Hohhot", "population": 2866.615, "lat": 40.842, "lon": 111.749, "country_code": "CN"}
{"name": "Pyongyang", "population": 2863.0, "lat": 39.0167, "lon": 125.7475, "country_code": "KP"}
{"name": "Shaoguan", "population": 2855.131, "lat": 24.811, "lon": 113.597, "country_code": "CN"}
{"name": "Taichung", "population": 2850.285, "lat": 24.1439, "lon": 120.6794, "country_code": "TW"}
{"name": "Cali", "population": 2838.333, "lat": 3.4206, "lon": -76.5222, "country_code": "CO"}
{"name": "Heyuan", "population": 2837.686, "lat": 23.7443, "lon": 114.7002, "country_code": "CN"}
{"name": "Wuzhou", "population": 2820.977, "lat": 23.4767, "lon": 111.279, "country_code": "CN"}
{"name": "Pretoria", "population": 2818.1, "lat": -25.7461, "lon": 28.1881, "country_code": "ZA"}
{"name": "Suining", "population": 2814.196, "lat": 30.533, "lon": 105.593, "country_code": "CN"}
{"name": "Omdurman", "population": 2805.396, "lat": 15.6835, "lon": 32.4629, "country_code": "SD"}
{"name": "Weihai", "population": 2804.771, "lat": 37.5133, "lon": 122.1205, "country_code": "CN"}
{"name": "Rizhao", "population": 2801.013, "lat": 35.417, "lon": 119.527, "country_code": "CN"}
{"name": "Malang", "population": 2795.209, "lat": -7.98, "lon": 112.62, "country_code": "ID"}
{"name": "Stuttgart", "population": 2787.724, "lat": 48.7775, "lon": 9.18, "country_code": "DE"}
{"name": "Daqing", "population": 2781.562, "lat": 46.589, "lon": 125.104, "country_code": "CN"}
{"name": "Rome", "population": 2748.109, "lat": 41.8931, "lon": 12.4828, "country_code": "IT"}
{"name": "Kaohsiung", "population": 2737.66, "lat": 22.615, "lon": 120.2975, "country_code": "TW"}
{"name": "Brooklyn", "population": 2736.074, "lat": 40.6501, "lon": -73.9496, "country_code": "US"}
{"name": "Xiangtan", "population": 2726.181, "lat": 27.8313, "lon": 112.9454, "country_code": "CN"}
{"name": "Bazhou", "population": 2712.894, "lat": 31.868, "lon": 106.748, "country_code": "CN"}
{"name": "Handan", "population": 2708.015, "lat": 36.601, "lon": 114.487, "country_code": "CN"}
{"name": "Brisbane", "population": 2706.966, "lat": -27.4678, "lon": 153.0281, "country_code": "AU"}
{"name": "Jinzhou", "population": 2703.853, "lat": 41.129, "lon": 121.148, "country_code": "CN"}
{"name": "Denver", "population": 2691.349, "lat": 39.762, "lon": -104.8758, "country_code": "US"}
{"name": "Xinzhou", "population": 2689.668, "lat": 38.416, "lon": 112.734, "country_code": "CN"}
{"name": "Nanping", "population": 2680.645, "lat": 26.6418, "lon": 118.1774, "country_code": "CN"}
{"name": "Gazipura", "population": 2674.697, "lat": 23.9234, "lon": 90.3959, "country_code": "BD"}
{"name": "Shanwei", "population": 2672.819, "lat": 22.7872, "lon": 115.3756, "country_code": "CN"}
{"name": "Maracaibo", "population": 2658.355, "lat": 10.6333, "lon": -71.6333, "country_code": "VE"}
{"name": "Chaozhou", "population": 2656.6, "lat": 23.658, "lon": 116.622, "country_code": "CN"}
{"name": "Baotou", "population": 2650.364, "lat": 40.6213, "lon": 109.9532, "country_code": "CN"}
{"name": "Longyan", "population": 2640.0, "lat": 25.076, "lon": 117.017, "country_code": "CN"}
{"name": "Weifang", "population": 2636.154, "lat": 36.708, "lon": 119.162, "country_code": "CN"}
{"name": "Huai'an", "population": 2632.788, "lat": 33.551, "lon": 119.113, "country_code": "CN"}
{"name": "Zibo", "population": 2631.647, "lat": 36.8138, "lon": 118.055, "country_code": "CN"}
{"name": "Attadappa", "population": 2615.266, "lat": 11.8689, "lon": 75.3555, "country_code": "IN"}
{"name": "Munich", "population": 2606.021, "lat": 48.1375, "lon": 11.575, "country_code": "DE"}
{"name": "Gulou", "population": 2606.0, "lat": 26.0865, "lon": 119.298, "country_code": "CN"}
{"name": "Birmingham", "population": 2590.363, "lat": 52.48, "lon": -1.9025, "country_code": "GB"}
{"name": "Valencia", "population": 2585.202, "lat": 10.1833, "lon": -68.0, "country_code": "VE"}
{"name": "Damascus", "population": 2584.771, "lat": 33.502, "lon": 36.2981, "country_code": "SY"}
{"name": "Chattogram", "population": 2581.643, "lat": 22.335, "lon": 91.8325, "country_code": "BD"}
{"name": "Brazzaville", "population": 2557.1, "lat": -4.2667, "lon": 15.2667, "country_code": "CG"}
{"name": "Yangjiang", "population": 2555.6, "lat": 21.857, "lon": 111.983, "country_code": "CN"}
{"name": "Sanaa", "population": 2545.0, "lat": 15.3483, "lon": 44.2064, "country_code": "YE"}
{"name": "Barmhan Kalan", "population": 2537.0, "lat": 19.1972, "lon": 72.9722, "country_code": "IN"}
{"name": "Medellin", "population": 2529.403, "lat": 6.2308, "lon": -75.5906, "country_code": "CO"}
{"name": "Dingxi", "population": 2524.097, "lat": 35.608, "lon": 104.592, "country_code": "CN"}
{"name": "Shaoxing", "population": 2521.964, "lat": 30.0511, "lon": 120.5833, "country_code": "CN"}
{"name": "Yantai", "population": 2511.053, "lat": 37.4646, "lon": 121.4478, "country_code": "CN"}
{"name": "Huizhou", "population": 2509.243, "lat": 23.112, "lon": 114.416, "country_code": "CN"}
{"name": "Xuanzhou", "population": 2500.063, "lat": 30.939, "lon": 118.759, "country_code": "CN"}
{"name": "Mirzapur", "population": 2496.97, "lat": 25.146, "lon": 82.569, "country_code": "IN"}
{"name": "Hamburg", "population": 2496.6, "lat": 53.55, "lon": 10.0, "country_code": "DE"}
{"name": "Taipei", "population": 2494.813, "lat": 25.0375, "lon": 121.5625, "country_code": "TW"}
{"name": "Ankang", "population": 2493.436, "lat": 32.6854, "lon": 109.029, "country_code": "CN"}
{"name": "Zigong", "population": 2489.256, "lat": 29.339, "lon": 104.779, "country_code": "CN"}
{"name": "Sanming", "population": 2486.45, "lat": 26.2634, "lon": 117.6389, "country_code": "CN"}
{"name": "Toluca", "population": 2476.689, "lat": 19.2925, "lon": -99.6569, "country_code": "MX"}
{"name": "Huangshi", "population": 2469.079, "lat": 30.2011, "lon": 115.039, "country_code": "CN"}
{"name": "Yaounde", "population": 2440.462, "lat": 3.8667, "lon": 11.5167, "country_code": "CM"}
{"name": "Zhuhai", "population": 2439.585, "lat": 22.2742, "lon": 113.5719, "country_code": "CN"}
{"name": "Huludao", "population": 2434.194, "lat": 40.711, "lon": 120.837, "country_code": "CN"}
{"name": "Baoshan", "population": 2431.211, "lat": 25.112, "lon": 99.161, "country_code": "CN"}
{"name": "Mecca", "population": 2427.924, "lat": 21.4225, "lon": 39.8261, "country_code": "SA"}
{"name": "Vancouver", "population": 2426.16, "lat": 49.25, "lon": -123.1, "country_code": "CA"}
{"name": "Lianshan", "population": 2426.0, "lat": 40.7523, "lon": 120.828, "country_code": "CN"}
{"name": "Beirut", "population": 2421.354, "lat": 33.8981, "lon": 35.5058, "country_code": "LB"}
{"name": "Salvador", "population": 2417.678, "lat": -12.9831, "lon": -38.4928, "country_code": "BR"}
{"name": "Bucharest", "population": 2412.53, "lat": 44.4325, "lon": 26.1039, "country_code": "RO"}
{"name": "Longba", "population": 2407.272, "lat": 33.3702, "lon": 104.9603, "country_code": "CN"}
{"name": "Nagpur", "population": 2405.665, "lat": 21.1497, "lon": 79.0806, "country_code": "IN"}
{"name": "Queens", "population": 2405.464, "lat": 40.7498, "lon": -73.7976, "country_code": "US"}
{"name": "Tieling", "population": 2388.294, "lat": 42.2237, "lon": 123.726, "country_code": "CN"}
{"name": "Yunfu", "population": 2383.35, "lat": 22.9152, "lon": 112.0445, "country_code": "CN"}
{"name": "Bekasi", "population": 2381.053, "lat": -6.2333, "lon": 107.0, "country_code": "ID"}
{"name": "Daegu", "population": 2376.044, "lat": 35.8717, "lon": 128.6017, "country_code": "KR"}
{"name": "Ghaziabad", "population": 2375.82, "lat": 28.67, "lon": 77.42, "country_code": "IN"}
{"name": "Luoyang", "population": 2372.571, "lat": 34.6197, "lon": 112.4539, "country_code": "CN"}
{"name": "Luohe", "population": 2367.49, "lat": 33.5804, "lon": 114.0166, "country_code": "CN"}
{"name": "Algiers", "population": 2364.23, "lat": 36.7325, "lon": 3.0872, "country_code": "DZ"}
{"name": "Anshun", "population": 2353.1, "lat": 26.2531, "lon": 105.9476, "country_code": "CN"}
{"name": "Huainan", "population": 2333.896, "lat": 32.6314, "lon": 117.0194, "country_code": "CN"}
{"name": "Depok", "population": 2330.333, "lat": -6.394, "lon": 106.8225, "country_code": "ID"}
{"name": "Konya", "population": 2320.241, "lat": 37.8667, "lon": 32.4833, "country_code": "TR"}
{"name": "Haiphong", "population": 2310.28, "lat": 20.8651, "lon": 106.6838, "country_code": "VN"}
{"name": "Yanjiang", "population": 2308.631, "lat": 30.129, "lon": 104.627, "country_code": "CN"}
{"name": "Guangyuan", "population": 2305.657, "lat": 32.436, "lon": 105.844, "country_code": "CN"}
{"name": "Baku", "population": 2300.5, "lat": 40.3667, "lon": 49.8352, "country_code": "AZ"}
{"name": "Yingkou", "population": 2296.54, "lat": 40.625, "lon": 122.219, "country_code": "CN"}
{"name": "Mudanjiang", "population": 2290.208, "lat": 44.5514, "lon": 129.6329, "country_code": "CN"}
{"name": "Riverside", "population": 2288.508, "lat": 33.9381, "lon": -117.3949, "country_code": "US"}
{"name": "Fukuoka", "population": 2286.0, "lat": 33.59, "lon": 130.4017, "country_code": "JP"}
{"name": "Nantong", "population": 2261.382, "lat": 31.981, "lon": 120.894, "country_code": "CN"}
{"name": "Lincang", "population": 2257.991, "lat": 23.884, "lon": 100.089, "country_code": "CN"}
{"name": "Las Vegas", "population": 2256.509, "lat": 36.2333, "lon": -115.2654, "country_code": "US"}
{"name": "Haikou", "population": 2250.0, "lat": 20.0186, "lon": 110.3488, "country_code": "CN"}
{"name": "Yuxi", "population": 2249.502, "lat": 24.347, "lon": 102.527, "country_code": "CN"}
{"name": "Tangerang", "population": 2237.006, "lat": -6.1703, "lon": 106.6403, "country_code": "ID"}
{"name": "Supaul", "population": 2229.076, "lat": 26.126, "lon": 86.605, "country_code": "IN"}
{"name": "Almaty", "population": 2228.675, "lat": 43.24, "lon": 76.915, "country_code": "KZ"}
{"name": "Vienna", "population": 2223.236, "lat": 48.2083, "lon": 16.3725, "country_code": "AT"}
{"name": "Esfahan", "population": 2219.343, "lat": 32.6653, "lon": 51.6703, "country_code": "IR"}
{"name": "Xining", "population": 2208.708, "lat": 36.6224, "lon": 101.7804, "country_code": "CN"}
{"name": "Jincheng", "population": 2194.545, "lat": 35.491, "lon": 112.852, "country_code": "CN"}
{"name": "Baltimore", "population": 2189.589, "lat": 39.3051, "lon": -76.6144, "country_code": "US"}
{"name": "Dandong", "population": 2188.436, "lat": 40.1167, "lon": 124.3833, "country_code": "CN"}
{"name": "Yan'an", "population": 2187.009, "lat": 36.65, "lon": 109.494, "country_code": "CN"}
{"name": "Qinbaling", "population": 2179.716, "lat": 35.7091, "lon": 107.6436, "country_code": "CN"}
{"name": "Gaoping", "population": 2174.0, "lat": 30.7824, "lon": 106.1281, "country_code": "CN"}
{"name": "Awka", "population": 2171.9, "lat": 6.2069, "lon": 7.0678, "country_code": "NG"}
{"name": "Taizhou", "population": 2162.461, "lat": 28.6557, "lon": 121.4208, "country_code": "CN"}
{"name": "Ma'anshan", "population": 2159.93, "lat": 31.669, "lon": 118.507, "country_code": "CN"}
{"name": "Jiamusi", "population": 2156.505, "lat": 46.8, "lon": 130.319, "country_code": "CN"}
{"name": "Perth", "population": 2141.834, "lat": -31.9558, "lon": 115.8597, "country_code": "AU"}
{"name": "Gaziantep", "population": 2130.432, "lat": 37.0628, "lon": 37.3792, "country_code": "TR"}
{"name": "Phnom Penh", "population": 2129.371, "lat": 11.5696, "lon": 104.921, "country_code": "KH"}
{"name": "St. Louis", "population": 2127.843, "lat": 38.6359, "lon": -90.2451, "country_code": "US"}
{"name": "Mogadishu", "population": 2120.0, "lat": 2.0392, "lon": 45.3419, "country_code": "SO"}
{"name": "Lishui", "population": 2116.957, "lat": 28.468, "lon": 119.923, "country_code": "CN"}
{"name": "Kowloon", "population": 2108.419, "lat": 22.3167, "lon": 114.1833, "country_code": "HK"}
{"name": "Cordoba", "population": 2106.734, "lat": -31.4167, "lon": -64.1833, "country_code": "AR"}
{"name": "Zamboanga City", "population": 2100.0, "lat": 6.9042, "lon": 122.0761, "country_code": "PH"}
{"name": "Rawalpindi", "population": 2098.231, "lat": 33.6, "lon": 73.0333, "country_code": "PK"}
{"name": "Havana", "population": 2089.532, "lat": 23.1367, "lon": -82.3589, "country_code": "CU"}
{"name": "Chongzuo", "population": 2088.692, "lat": 22.377, "lon": 107.365, "country_code": "CN"}
{"name": "Portland", "population": 2084.045, "lat": 45.5371, "lon": -122.65, "country_code": "US"}
{"name": "Laibin", "population": 2074.611, "lat": 23.7501, "lon": 109.2212, "country_code": "CN"}
{"name": "San Antonio", "population": 2069.843, "lat": 29.4632, "lon": -98.5238, "country_code": "US"}
{"name": "Vadodara", "population": 2065.771, "lat": 22.3, "lon": 73.2, "country_code": "IN"}
{"name": "Qingyang", "population": 2061.6, "lat": 24.7816, "lon": 118.5517, "country_code": "CN"}
{"name": "Rajkot", "population": 2043.0, "lat": 22.3, "lon": 70.7833, "country_code": "IN"}
{"name": "Shangzhou", "population": 2041.231, "lat": 33.8734, "lon": 109.9186, "country_code": "CN"}
{"name": "Vishakhapatnam", "population": 2035.922, "lat": 17.7042, "lon": 83.2978, "country_code": "IN"}
{"name": "Shengli", "population": 2035.338, "lat": 37.434, "lon": 118.6746, "country_code": "CN"}
{"name": "Sanmenxia", "population": 2034.872, "lat": 34.7732, "lon": 111.2004, "country_code": "CN"}
{"name": "Warsaw", "population": 2028.0, "lat": 52.23, "lon": 21.0111, "country_code": "PL"}
{"name": "Gujranwala", "population": 2027.001, "lat": 32.1567, "lon": 74.19, "country_code": "PK"}
{"name": "Hezhou", "population": 2007.858, "lat": 24.4042, "lon": 111.5672, "country_code": "CN"}
{"name": "Aleppo", "population": 2003.671, "lat": 36.2319, "lon": 37.1681, "country_code": "SY"}
{"name": "Tijuana", "population": 2002.0, "lat": 32.525, "lon": -117.0333, "country_code": "MX"}
