"metro_fips","metro","metro_ascii","metro_full","county_name","county_fips","state_id","state_name","lat","lng","population"
"35620","New York","New York","New York-Newark-Jersey City, NY-NJ","Suffolk","36103","NY","New York","40.7222","-74.0225","19940274"
"31080","Los Angeles","Los Angeles","Los Angeles-Long Beach-Anaheim, CA","Los Angeles","06037","CA","California","34.2215","-118.1494","12927614"
"16980","Chicago","Chicago","Chicago-Naperville-Elgin, IL-IN","Cook","17031","IL","Illinois","41.6675","-87.9597","9406924"
"19100","Dallas","Dallas","Dallas-Fort Worth-Arlington, TX","Denton","48121","TX","Texas","32.8495","-96.9704","8344032"
"26420","Houston","Houston","Houston-Pasadena-The Woodlands, TX","Harris","48201","TX","Texas","29.8422","-95.3855","7796182"
"33100","Miami","Miami","Miami-Fort Lauderdale-West Palm Beach, FL","Palm Beach","12099","FL","Florida","26.1573","-80.5059","6457988"
"47900","Washington","Washington","Washington-Arlington-Alexandria, DC-VA-MD-WV","Frederick","24021","DC","District of Columbia","38.8446","-77.5092","6437907"
"12060","Atlanta","Atlanta","Atlanta-Sandy Springs-Roswell, GA","Fulton","13121","GA","Georgia","33.7338","-84.3922","6409047"
"37980","Philadelphia","Philadelphia","Philadelphia-Camden-Wilmington, PA-NJ-DE-MD","Burlington","34005","PA","Pennsylvania","39.9056","-75.3020","6330422"
"38060","Phoenix","Phoenix","Phoenix-Mesa-Chandler, AZ","Maricopa","04013","AZ","Arizona","33.1859","-112.0707","5186958"
"14460","Boston","Boston","Boston-Cambridge-Newton, MA-NH","Middlesex","25017","MA","Massachusetts","42.5584","-71.1007","5025517"
"40140","Riverside","Riverside","Riverside-San Bernardino-Ontario, CA","San Bernardino","06071","CA","California","34.5517","-116.1297","4744214"
"41860","San Francisco","San Francisco","San Francisco-Oakland-Fremont, CA","Contra Costa","06013","CA","California","37.7809","-122.1668","4648486"
"19820","Detroit","Detroit","Detroit-Warren-Dearborn, MI","Oakland","26125","MI","Michigan","42.7196","-83.2329","4400578"
"42660","Seattle","Seattle","Seattle-Tacoma-Bellevue, WA","King","53033","WA","Washington","47.5574","-121.8506","4145494"
"33460","Minneapolis","Minneapolis","Minneapolis-St. Paul-Bloomington, MN-WI","St. Croix","55109","MN","Minnesota","45.1034","-93.2753","3757952"
"45300","Tampa","Tampa","Tampa-St. Petersburg-Clearwater, FL","Hillsborough","12057","FL","Florida","28.1538","-82.4050","3424560"
"41740","San Diego","San Diego","San Diego-Chula Vista-Carlsbad, CA","San Diego","06073","CA","California","33.0343","-116.7350","3298799"
"19740","Denver","Denver","Denver-Aurora-Centennial, CO","Park","08093","CO","Colorado","39.4337","-104.8944","3050512"
"36740","Orlando","Orlando","Orlando-Kissimmee-Sanford, FL","Osceola","12097","FL","Florida","28.4343","-81.3630","2940513"
"16740","Charlotte","Charlotte","Charlotte-Concord-Gastonia, NC-SC","York","45091","NC","North Carolina","35.1686","-80.7954","2883370"
"12580","Baltimore","Baltimore","Baltimore-Columbia-Towson, MD","Baltimore","24005","MD","Maryland","39.3386","-76.5807","2859024"
"41180","St. Louis, MO","St. Louis, MO","St. Louis, MO-IL","Franklin","29071","MO","Missouri","38.7352","-90.3501","2809527"
"41700","San Antonio","San Antonio","San Antonio-New Braunfels, TX","Medina","48325","TX","Texas","29.4287","-98.6023","2763006"
"12420","Austin","Austin","Austin-Round Rock-San Marcos, TX","Williamson","48491","TX","Texas","30.2622","-97.6544","2550637"
"38900","Portland","Portland","Portland-Vancouver-Hillsboro, OR-WA","Clackamas","41005","OR","Oregon","45.5984","-122.4783","2537070"
"40900","Sacramento","Sacramento","Sacramento-Roseville-Folsom, CA","El Dorado","06017","CA","California","38.7805","-120.9972","2463127"
"38300","Pittsburgh, PA","Pittsburgh, PA","Pittsburgh, PA","Westmoreland","42129","PA","Pennsylvania","40.4744","-79.8632","2429917"
"29820","Las Vegas","Las Vegas","Las Vegas-Henderson-North Las Vegas, NV","Clark","32003","NV","Nevada","36.2152","-115.0135","2398871"
"17140","Cincinnati, OH","Cincinnati, OH","Cincinnati, OH-KY-IN","Brown","39015","OH","Ohio","39.0811","-84.4646","2304804"
"28140","Kansas City, MO","Kansas City, MO","Kansas City, MO-KS","Bates","29013","MO","Missouri","38.9371","-94.4444","2254288"
"18140","Columbus, OH","Columbus, OH","Columbus, OH","Licking","39089","OH","Ohio","39.9681","-82.8369","2225377"
"26900","Indianapolis","Indianapolis","Indianapolis-Carmel-Greenwood, IN","Madison","18095","IN","Indiana","39.7929","-86.1216","2173288"
"17410","Cleveland, OH","Cleveland, OH","Cleveland, OH","Ashtabula","39007","OH","Ohio","41.4620","-81.4392","2171877"
"34980","Nashville","Nashville","Nashville-Davidson--Murfreesboro--Franklin, TN","Rutherford","47149","TN","Tennessee","36.0891","-86.7245","2151715"
"41940","San Jose","San Jose","San Jose-Sunnyvale-Santa Clara, CA","San Benito","06069","CA","California","36.9095","-121.3759","1995484"
"47260","Virginia Beach","Virginia Beach","Virginia Beach-Chesapeake-Norfolk, VA-NC","Suffolk","51800","VA","Virginia","36.8251","-76.4746","1796689"
"27260","Jacksonville, FL","Jacksonville, FL","Jacksonville, FL","Duval","12031","FL","Florida","30.2366","-81.7923","1760548"
"39300","Providence","Providence","Providence-Warwick, RI-MA","Bristol","25005","RI","Rhode Island","41.7186","-71.4001","1700901"
"33340","Milwaukee","Milwaukee","Milwaukee-Waukesha, WI","Waukesha","55133","WI","Wisconsin","43.1767","-88.1725","1574452"
"39580","Raleigh","Raleigh","Raleigh-Cary, NC","Wake","37183","NC","North Carolina","35.7573","-78.4608","1562009"
"36420","Oklahoma City, OK","Oklahoma City, OK","Oklahoma City, OK","Grady","40051","OK","Oklahoma","35.4299","-97.5039","1497821"
"31140","Louisville/Jefferson County, KY","Louisville/Jefferson County, KY","Louisville/Jefferson County, KY-IN","Washington","18175","KY","Kentucky","38.2244","-85.7024","1396762"
"40060","Richmond, VA","Richmond, VA","Richmond, VA","Dinwiddie","51053","VA","Virginia","37.4127","-77.4467","1368219"
"32820","Memphis, TN","Memphis, TN","Memphis, TN-MS-AR","Shelby","47157","TN","Tennessee","35.0074","-89.8147","1337653"
"41620","Salt Lake City","Salt Lake City","Salt Lake City-Murray, UT","Tooele","49045","UT","Utah","40.4706","-113.0105","1300762"
"13820","Birmingham, AL","Birmingham, AL","Birmingham, AL","Jefferson","01073","AL","Alabama","33.4638","-86.8139","1192583"
"23420","Fresno, CA","Fresno, CA","Fresno, CA","Fresno","06019","CA","California","36.8800","-119.6793","1189557"
"24340","Grand Rapids","Grand Rapids","Grand Rapids-Wyoming-Kentwood, MI","Kent","26081","MI","Michigan","42.9898","-85.4162","1178826"
"25540","Hartford","Hartford","Hartford-West Hartford-East Hartford, CT","Capitol","09110","CT","Connecticut","41.7089","-72.5528","1169048"
"15380","Buffalo","Buffalo","Buffalo-Cheektowaga, NY","Erie","36029","NY","New York","42.9109","-78.7367","1160172"
"46060","Tucson, AZ","Tucson, AZ","Tucson, AZ","Pima","04019","AZ","Arizona","32.0974","-111.7899","1080149"
"46140","Tulsa, OK","Tulsa, OK","Tulsa, OK","Osage","40113","OK","Oklahoma","36.2504","-96.1662","1060423"
"40380","Rochester, NY","Rochester, NY","Rochester, NY","Monroe","36055","NY","New York","43.0076","-77.5585","1057218"
"36540","Omaha, NE","Omaha, NE","Omaha, NE-IA","Pottawattamie","19155","NE","Nebraska","41.2901","-95.9991","1001186"
"46520","Urban Honolulu, HI","Urban Honolulu, HI","Urban Honolulu, HI","Honolulu","15003","HI","Hawaii","21.4899","-158.0739","998747"
"24860","Greenville","Greenville","Greenville-Anderson-Greer, SC","Greenville","45045","SC","South Carolina","34.6851","-82.4139","996680"
"14860","Bridgeport","Bridgeport","Bridgeport-Stamford-Danbury, CT","Western Connecticut","09190","CT","Connecticut","41.3061","-73.4028","972679"
"35380","New Orleans","New Orleans","New Orleans-Metairie, LA","Plaquemines","22075","LA","Louisiana","29.7832","-89.9570","966230"
"28940","Knoxville, TN","Knoxville, TN","Knoxville, TN","Blount","47009","TN","Tennessee","36.0448","-84.1375","957376"
"35840","North Port","North Port","North Port-Bradenton-Sarasota, FL","Manatee","12081","FL","Florida","27.3479","-82.3223","934956"
"10740","Albuquerque, NM","Albuquerque, NM","Albuquerque, NM","Sandoval","35043","NM","New Mexico","35.1223","-106.4716","929919"
"12540","Bakersfield","Bakersfield","Bakersfield-Delano, CA","Kern","06029","CA","California","35.3426","-118.7301","922529"
"32580","McAllen","McAllen","McAllen-Edinburg-Mission, TX","Hidalgo","48215","TX","Texas","26.3969","-98.1812","914820"
"10580","Albany","Albany","Albany-Schenectady-Troy, NY","Saratoga","36091","NY","New York","42.7885","-73.9420","913485"
"10900","Allentown","Allentown","Allentown-Bethlehem-Easton, PA-NJ","Carbon","42025","PA","Pennsylvania","40.7894","-75.4039","886418"
"12940","Baton Rouge, LA","Baton Rouge, LA","Baton Rouge, LA","Livingston","22063","LA","Louisiana","30.5173","-91.1270","882652"
"49340","Worcester, MA","Worcester, MA","Worcester, MA","Worcester","25027","MA","Massachusetts","42.3514","-71.9077","881248"
"21340","El Paso, TX","El Paso, TX","El Paso, TX","Hudspeth","48229","TX","Texas","31.5131","-105.5410","877840"
"17900","Columbia, SC","Columbia, SC","Columbia, SC","Richland","45079","SC","South Carolina","34.0918","-81.0424","871176"
"16700","Charleston","Charleston","Charleston-North Charleston, SC","Berkeley","45015","SC","South Carolina","33.0425","-80.0443","869940"
"15980","Cape Coral","Cape Coral","Cape Coral-Fort Myers, FL","Lee","12071","FL","Florida","26.5780","-81.8332","860959"
"29460","Lakeland","Lakeland","Lakeland-Winter Haven, FL","Polk","12105","FL","Florida","27.9489","-81.6976","852878"
"14260","Boise City, ID","Boise City, ID","Boise City, ID","Owyhee","16073","ID","Idaho","43.0160","-116.1432","844979"
"37100","Oxnard","Oxnard","Oxnard-Thousand Oaks-Ventura, CA","Ventura","06111","CA","California","34.4561","-119.0836","835427"
"19430","Dayton","Dayton","Dayton-Kettering-Beavercreek, OH","Montgomery","39113","OH","Ohio","39.8295","-84.1419","821740"
"44700","Stockton","Stockton","Stockton-Lodi, CA","San Joaquin","06077","CA","California","37.9348","-121.2714","816108"
"24660","Greensboro","Greensboro","Greensboro-High Point, NC","Randolph","37151","NC","North Carolina","36.0259","-79.7916","800722"
"17820","Colorado Springs, CO","Colorado Springs, CO","Colorado Springs, CO","El Paso","08041","CO","Colorado","38.8426","-104.6578","777635"
"30780","Little Rock","Little Rock","Little Rock-North Little Rock-Conway, AR","Pulaski","05119","AR","Arkansas","34.7573","-92.3972","770959"
"39340","Provo","Provo","Provo-Orem-Lehi, UT","Juab","49023","UT","Utah","39.8645","-112.3526","760154"
"19780","Des Moines","Des Moines","Des Moines-West Des Moines, IA","Jasper","19099","IA","Iowa","41.5757","-93.7618","753913"
"19660","Deltona","Deltona","Deltona-Daytona Beach-Ormond Beach, FL","Volusia","12127","FL","Florida","29.1740","-81.2197","739516"
"28880","Kiryas Joel","Kiryas Joel","Kiryas Joel-Poughkeepsie-Newburgh, NY","Orange","36071","NY","New York","41.5827","-74.0257","711730"
"31540","Madison, WI","Madison, WI","Madison, WI","Dane","55025","WI","Wisconsin","43.0802","-89.5922","707606"
"49180","Winston","Winston","Winston-Salem, NC","Davidson","37057","NC","North Carolina","36.0767","-80.3458","705187"
"10420","Akron, OH","Akron, OH","Akron, OH","Portage","39133","OH","Ohio","41.1487","-81.3495","702209"
"36260","Ogden, UT","Ogden, UT","Ogden, UT","Weber","49057","UT","Utah","41.1189","-111.8703","669210"
"48620","Wichita, KS","Wichita, KS","Wichita, KS","Butler","20015","KS","Kansas","37.6387","-97.2454","661217"
"37340","Palm Bay","Palm Bay","Palm Bay-Melbourne-Titusville, FL","Brevard","12009","FL","Florida","28.2937","-80.7323","658447"
"45060","Syracuse, NY","Syracuse, NY","Syracuse, NY","Oswego","36075","NY","New York","43.1545","-76.0336","655189"
"12260","Augusta","Augusta","Augusta-Richmond County, GA-SC","Aiken","45003","GA","Georgia","33.4610","-81.9829","636658"
"20500","Durham","Durham","Durham-Chapel Hill, NC","Chatham","37037","NC","North Carolina","35.9910","-79.0997","620522"
"25420","Harrisburg","Harrisburg","Harrisburg-Carlisle, PA","Dauphin","42043","PA","Pennsylvania","40.3267","-77.1012","615361"
"27140","Jackson, MS","Jackson, MS","Jackson, MS","Yazoo","28163","MS","Mississippi","32.4278","-90.1360","605803"
"22220","Fayetteville","Fayetteville","Fayetteville-Springdale-Rogers, AR","Washington","05143","AR","Arkansas","36.1084","-94.0755","605547"
"44060","Spokane","Spokane","Spokane-Spokane Valley, WA","Stevens","53065","WA","Washington","48.0811","-117.6709","604962"
"45780","Toledo, OH","Toledo, OH","Toledo, OH","Wood","39173","OH","Ohio","41.4982","-83.7825","601396"
"16860","Chattanooga, TN","Chattanooga, TN","Chattanooga, TN-GA","Hamilton","47065","TN","Tennessee","35.0520","-85.3601","588763"
"35300","New Haven, CT","New Haven, CT","New Haven, CT","South Central Connecticut","09170","CT","Connecticut","41.3613","-72.8445","576718"
"39900","Reno, NV","Reno, NV","Reno, NV","Washoe","32031","NV","Nevada","40.2587","-119.5532","575266"
"42540","Scranton","Scranton","Scranton--Wilkes-Barre, PA","Luzerne","42079","PA","Pennsylvania","41.3232","-75.8957","574009"
"38860","Portland","Portland","Portland-South Portland, ME","York","23031","ME","Maine","43.6961","-70.4692","571534"
"29540","Lancaster, PA","Lancaster, PA","Lancaster, PA","Lancaster","42071","PA","Pennsylvania","40.0424","-76.2477","563293"
"33700","Modesto, CA","Modesto, CA","Modesto, CA","Stanislaus","06099","CA","California","37.5591","-120.9977","556972"
"38940","Port St. Lucie, FL","Port St. Lucie, FL","Port St. Lucie, FL","Martin","12085","FL","Florida","27.2199","-80.4508","556336"
"26620","Huntsville, AL","Huntsville, AL","Huntsville, AL","Madison","01089","AL","Alabama","34.7832","-86.7347","542297"
"37860","Pensacola","Pensacola","Pensacola-Ferry Pass-Brent, FL","Santa Rosa","12113","FL","Florida","30.6880","-87.1562","538928"
"30460","Lexington","Lexington","Lexington-Fayette, KY","Bourbon","21017","KY","Kentucky","38.0905","-84.4331","533366"
"28660","Killeen","Killeen","Killeen-Temple, TX","Bell","48027","TX","Texas","31.2078","-97.7876","509487"
"44180","Springfield, MO","Springfield, MO","Springfield, MO","Greene","29077","MO","Missouri","37.3617","-93.1771","500004"
"42220","Santa Rosa","Santa Rosa","Santa Rosa-Petaluma, CA","Sonoma","06097","CA","California","38.5290","-122.8882","485375"
"47300","Visalia, CA","Visalia, CA","Visalia, CA","Tulare","06107","CA","California","36.2202","-118.8005","483546"
"48900","Wilmington, NC","Wilmington, NC","Wilmington, NC","Brunswick","37019","NC","North Carolina","34.2907","-78.0514","480522"
"29620","Lansing","Lansing","Lansing-East Lansing, MI","Eaton","26045","MI","Michigan","42.7133","-84.6070","479971"
"49620","York","York","York-Hanover, PA","York","42133","PA","Pennsylvania","39.9200","-76.7265","471240"
"44140","Springfield, MA","Springfield, MA","Springfield, MA","Hampden","25013","MA","Massachusetts","42.1351","-72.6316","464151"
"23060","Fort Wayne, IN","Fort Wayne, IN","Fort Wayne, IN","Allen","18003","IN","Indiana","41.0054","-85.2168","462978"
"47930","Waterbury","Waterbury","Waterbury-Shelton, CT","Naugatuck Valley","09140","CT","Connecticut","41.5231","-73.0860","462220"
"46700","Vallejo, CA","Vallejo, CA","Vallejo, CA","Solano","06095","CA","California","38.2700","-121.9328","455101"
"18580","Corpus Christi, TX","Corpus Christi, TX","Corpus Christi, TX","Nueces","48355","TX","Texas","27.8951","-97.4811","448853"
"42200","Santa Maria","Santa Maria","Santa Maria-Santa Barbara, CA","Santa Barbara","06083","CA","California","34.6729","-120.0169","444500"
"41420","Salem, OR","Salem, OR","Salem, OR","Marion","41047","OR","Oregon","44.9034","-122.9032","443416"
"39740","Reading, PA","Reading, PA","Reading, PA","Berks","42011","PA","Pennsylvania","40.4163","-75.9260","439117"
"41500","Salinas, CA","Salinas, CA","Salinas, CA","Monterey","06053","CA","California","36.2171","-121.2388","436251"
"15180","Brownsville","Brownsville","Brownsville-Harlingen, TX","Cameron","48061","TX","Texas","26.1333","-97.5187","431874"
"42340","Savannah, GA","Savannah, GA","Savannah, GA","Chatham","13051","GA","Georgia","32.1306","-81.3019","431589"
"31700","Manchester","Manchester","Manchester-Nashua, NH","Hillsborough","33011","NH","New Hampshire","42.9153","-71.7161","430462"
"36100","Ocala, FL","Ocala, FL","Ocala, FL","Marion","12083","FL","Florida","29.2102","-82.0567","428905"
"25060","Gulfport","Gulfport","Gulfport-Biloxi, MS","Jackson","28059","MS","Mississippi","30.5569","-89.0377","426793"
"49660","Youngstown","Youngstown","Youngstown-Warren, OH","Trumbull","39155","OH","Ohio","41.1962","-80.7673","426086"
"11700","Asheville, NC","Asheville, NC","Asheville, NC","Buncombe","37021","NC","North Carolina","35.6173","-82.5710","422333"
"29180","Lafayette, LA","Lafayette, LA","Lafayette, LA","Vermilion","22113","LA","Louisiana","30.0509","-92.1275","419704"
"34940","Naples","Naples","Naples-Marco Island, FL","Collier","12021","FL","Florida","26.1108","-81.3474","416233"
"34820","Myrtle Beach","Myrtle Beach","Myrtle Beach-Conway-North Myrtle Beach, SC","Horry","45051","SC","South Carolina","33.9216","-78.9969","413391"
"33660","Mobile, AL","Mobile, AL","Mobile, AL","Mobile","01097","AL","Alabama","30.7877","-88.2058","412339"
"11260","Anchorage, AK","Anchorage, AK","Anchorage, AK","Matanuska-Susitna","02170","AK","Alaska","62.2431","-149.5439","407213"
"22420","Flint, MI","Flint, MI","Flint, MI","Genesee","26049","MI","Michigan","43.0217","-83.7067","402279"
"15940","Canton","Canton","Canton-Massillon, OH","Stark","39151","OH","Ohio","40.7187","-81.2535","400551"
"45220","Tallahassee, FL","Tallahassee, FL","Tallahassee, FL","Leon","12073","FL","Florida","30.4050","-84.2862","399098"
"13140","Beaumont","Beaumont","Beaumont-Port Arthur, TX","Jefferson","48245","TX","Texas","30.1021","-94.2081","398733"
"43900","Spartanburg, SC","Spartanburg, SC","Spartanburg, SC","Spartanburg","45083","SC","South Carolina","34.8379","-81.8476","395934"
"22180","Fayetteville, NC","Fayetteville, NC","Fayetteville, NC","Cumberland","37051","NC","North Carolina","35.0371","-78.9804","393812"
"45940","Trenton","Trenton","Trenton-Princeton, NJ","Mercer","34021","NJ","New Jersey","40.2834","-74.7018","392138"
"33860","Montgomery, AL","Montgomery, AL","Montgomery, AL","Montgomery","01101","AL","Alabama","32.3606","-86.4032","386587"
"43340","Shreveport","Shreveport","Shreveport-Bossier City, LA","Caddo","22017","LA","Louisiana","32.4387","-93.7451","383269"
"21660","Eugene","Eugene","Eugene-Springfield, OR","Lane","41039","OR","Oregon","43.9387","-122.8479","382396"
"19340","Davenport","Davenport","Davenport-Moline-Rock Island, IA-IL","Henry","17073","IA","Iowa","41.3969","-90.4659","381415"
"22660","Fort Collins","Fort Collins","Fort Collins-Loveland, CO","Larimer","08069","CO","Colorado","40.6664","-105.4611","374574"
"11460","Ann Arbor, MI","Ann Arbor, MI","Ann Arbor, MI","Washtenaw","26161","MI","Michigan","42.2532","-83.8388","373875"
"25860","Hickory","Hickory","Hickory-Lenoir-Morganton, NC","Burke","37023","NC","North Carolina","35.8129","-81.4543","373031"
"12100","Atlantic City","Atlantic City","Atlantic City-Hammonton, NJ","Atlantic","34001","NJ","New Jersey","39.3737","-74.7054","372989"
"24540","Greeley, CO","Greeley, CO","Greeley, CO","Weld","08123","CO","Colorado","40.5548","-104.3925","369745"
"31180","Lubbock, TX","Lubbock, TX","Lubbock, TX","Hockley","48219","TX","Texas","33.4636","-101.8808","367530"
"26580","Huntington","Huntington","Huntington-Ashland, WV-KY-OH","Wayne","54099","WV","West Virginia","38.3587","-82.5685","366760"
"37900","Peoria, IL","Peoria, IL","Peoria, IL","Tazewell","17179","IL","Illinois","40.7892","-89.5159","365668"
"23540","Gainesville, FL","Gainesville, FL","Gainesville, FL","Levy","12075","FL","Florida","29.5163","-82.6007","360881"
"30700","Lincoln, NE","Lincoln, NE","Lincoln, NE","Lancaster","31109","NE","Nebraska","40.8199","-96.8708","351919"
"17300","Clarksville, TN","Clarksville, TN","Clarksville, TN-KY","Christian","21047","TN","Tennessee","36.6929","-87.6231","344003"
"40420","Rockford, IL","Rockford, IL","Rockford, IL","Winnebago","17201","IL","Illinois","42.3316","-89.0421","337103"
"24580","Green Bay, WI","Green Bay, WI","Green Bay, WI","Oconto","55083","WI","Wisconsin","44.7730","-88.0767","334697"
"14500","Boulder, CO","Boulder, CO","Boulder, CO","Boulder","08013","CO","Colorado","40.0925","-105.3577","330262"
"17980","Columbus, GA","Columbus, GA","Columbus, GA-AL","Russell","01113","GA","Georgia","32.4182","-84.8439","328206"
"43780","South Bend","South Bend","South Bend-Mishawaka, IN-MI","Cass","26027","IN","Indiana","41.7736","-86.1341","325294"
"28420","Kennewick","Kennewick","Kennewick-Richland, WA","Benton","53005","WA","Washington","46.3635","-119.2544","319428"
"40220","Roanoke, VA","Roanoke, VA","Roanoke, VA","Franklin","51067","VA","Virginia","37.2861","-79.9466","315456"
"28700","Kingsport","Kingsport","Kingsport-Bristol, TN-VA","Washington","51191","TN","Tennessee","36.6078","-82.4426","314259"
"25180","Hagerstown","Hagerstown","Hagerstown-Martinsburg, MD-WV","Washington","24043","MD","Maryland","39.5499","-77.9814","312992"
"18880","Crestview","Crestview","Crestview-Fort Walton Beach-Destin, FL","Walton","12131","FL","Florida","30.6657","-86.3657","310149"
"43620","Sioux Falls, SD","Sioux Falls, SD","Sioux Falls, SD-MN","Minnehaha","46099","SD","South Dakota","43.5273","-96.8739","308711"
"47380","Waco, TX","Waco, TX","Waco, TX","McLennan","48309","TX","Texas","31.5945","-97.2829","305814"
"36500","Olympia","Olympia","Olympia-Lacey-Tumwater, WA","Thurston","53067","WA","Washington","46.9256","-122.8333","302912"
"32900","Merced, CA","Merced, CA","Merced, CA","Merced","06047","CA","California","37.1919","-120.7177","296774"
"30980","Longview, TX","Longview, TX","Longview, TX","Rusk","48401","TX","Texas","32.4311","-94.6752","295490"
"17780","College Station","College Station","College Station-Bryan, TX","Robertson","48395","TX","Texas","30.7565","-96.4890","288771"
"46540","Utica","Utica","Utica-Rome, NY","Herkimer","36043","NY","New York","43.3371","-75.1814","287932"
"35980","Norwich","Norwich","Norwich-New London-Willimantic, CT","Southeastern Connecticut","09180","CT","Connecticut","41.5023","-72.1000","282602"
"42020","San Luis Obispo","San Luis Obispo","San Luis Obispo-Paso Robles, CA","San Luis Obispo","06079","CA","California","35.3871","-120.4044","281843"
"20260","Duluth, MN","Duluth, MN","Duluth, MN-WI","St. Louis","27137","MN","Minnesota","47.3333","-92.4089","281815"
"14740","Bremerton","Bremerton","Bremerton-Silverdale-Port Orchard, WA","Kitsap","53035","WA","Washington","47.6127","-122.6762","281420"
"46220","Tuscaloosa, AL","Tuscaloosa, AL","Tuscaloosa, AL","Tuscaloosa","01125","AL","Alabama","33.1098","-87.7645","281081"
"16300","Cedar Rapids, IA","Cedar Rapids, IA","Cedar Rapids, IA","Linn","19113","IA","Iowa","42.0915","-91.6313","278677"
"11100","Amarillo, TX","Amarillo, TX","Amarillo, TX","Oldham","48359","TX","Texas","35.2489","-101.9095","278330"
"43640","Slidell","Slidell","Slidell-Mandeville-Covington, LA","St. Tammany","22103","LA","Louisiana","30.4103","-89.9584","277615"
"29700","Laredo, TX","Laredo, TX","Laredo, TX","Webb","48479","TX","Texas","27.7611","-99.3315","272823"
"21780","Evansville, IN","Evansville, IN","Evansville, IN","Posey","18129","IN","Indiana","38.0488","-87.5818","271793"
"22020","Fargo, ND","Fargo, ND","Fargo, ND-MN","Cass","38017","ND","North Dakota","46.9178","-96.9655","267793"
"21500","Erie, PA","Erie, PA","Erie, PA","Erie","42049","PA","Pennsylvania","41.9925","-80.0327","267750"
"31340","Lynchburg, VA","Lynchburg, VA","Lynchburg, VA","Bedford","51019","VA","Virginia","37.3650","-79.2198","267427"
"28020","Kalamazoo","Kalamazoo","Kalamazoo-Portage, MI","Kalamazoo","26077","MI","Michigan","42.2455","-85.5312","264780"
"13460","Bend, OR","Bend, OR","Bend, OR","Deschutes","41017","OR","Oregon","44.1663","-120.8839","264407"
"42100","Santa Cruz","Santa Cruz","Santa Cruz-Watsonville, CA","Santa Cruz","06087","CA","California","37.0562","-122.0018","262406"
"19300","Daphne","Daphne","Daphne-Fairhope-Foley, AL","Baldwin","01003","AL","Alabama","30.7277","-87.7226","261608"
"49420","Yakima, WA","Yakima, WA","Yakima, WA","Yakima","53077","WA","Washington","46.4571","-120.7385","258523"
"39150","Prescott Valley","Prescott Valley","Prescott Valley-Prescott, AZ","Yavapai","04025","AZ","Arizona","34.5998","-112.5538","252013"
"46340","Tyler, TX","Tyler, TX","Tyler, TX","Smith","48423","TX","Texas","32.3750","-95.2692","249091"
"11540","Appleton, WI","Appleton, WI","Appleton, WI","Outagamie","55087","WI","Wisconsin","44.2890","-88.3712","248992"
"13780","Binghamton, NY","Binghamton, NY","Binghamton, NY","Broome","36007","NY","New York","42.1645","-76.0251","243971"
"29340","Lake Charles, LA","Lake Charles, LA","Lake Charles, LA","Cameron","22023","LA","Louisiana","30.0661","-93.1730","243719"
"16580","Champaign","Champaign","Champaign-Urbana, IL","Champaign","17019","IL","Illinois","40.2267","-88.2945","243252"
"25940","Hilton Head Island","Hilton Head Island","Hilton Head Island-Bluffton-Port Royal, SC","Beaufort","45013","SC","South Carolina","32.4109","-80.8773","237393"
"31420","Macon","Macon","Macon-Bibb County, GA","Monroe","13207","GA","Georgia","32.8577","-83.7149","236551"
"13380","Bellingham, WA","Bellingham, WA","Bellingham, WA","Whatcom","53073","WA","Washington","48.8259","-121.7199","234954"
"22900","Fort Smith, AR","Fort Smith, AR","Fort Smith, AR-OK","Sequoyah","40135","AR","Arkansas","35.4392","-94.4484","232848"
"45820","Topeka, KS","Topeka, KS","Topeka, KS","Wabaunsee","20197","KS","Kansas","39.0438","-95.8031","232648"
"12700","Barnstable Town, MA","Barnstable Town, MA","Barnstable Town, MA","Barnstable","25001","MA","Massachusetts","41.7244","-70.2903","232570"
"29200","Lafayette","Lafayette","Lafayette-West Lafayette, IN","Tippecanoe","18157","IN","Indiana","40.4772","-87.0234","231353"
"40340","Rochester, MN","Rochester, MN","Rochester, MN","Fillmore","27045","MN","Minnesota","43.9560","-92.3381","230742"
"15540","Burlington","Burlington","Burlington-South Burlington, VT","Franklin","50011","VT","Vermont","44.6868","-73.0315","229550"
"29740","Las Cruces, NM","Las Cruces, NM","Las Cruces, NM","Doña Ana","35013","NM","New Mexico","32.3526","-106.8328","229366"
"29420","Lake Havasu City","Lake Havasu City","Lake Havasu City-Kingman, AZ","Mohave","04015","AZ","Arizona","35.7041","-113.7579","226479"
"37460","Panama City","Panama City","Panama City-Panama City Beach, FL","Bay","12005","FL","Florida","30.4075","-85.6388","226221"
"16820","Charlottesville, VA","Charlottesville, VA","Charlottesville, VA","Albemarle","51003","VA","Virginia","37.9501","-78.5930","226140"
"33740","Monroe, LA","Monroe, LA","Monroe, LA","Union","22111","LA","Louisiana","32.6718","-92.0496","222072"
"12020","Athens","Athens","Athens-Clarke County, GA","Oglethorpe","13221","GA","Georgia","33.9490","-83.2138","221801"
"23580","Gainesville, GA","Gainesville, GA","Gainesville, GA","Hall","13139","GA","Georgia","34.3171","-83.8196","221745"
"32780","Medford, OR","Medford, OR","Medford, OR","Jackson","41029","OR","Oregon","42.4322","-122.7285","221331"
"49740","Yuma, AZ","Yuma, AZ","Yuma, AZ","Yuma","04027","AZ","Arizona","32.7695","-113.9056","220310"
"17860","Columbia, MO","Columbia, MO","Columbia, MO","Boone","29019","MO","Missouri","38.9838","-92.5793","217988"
"27740","Johnson City, TN","Johnson City, TN","Johnson City, TN","Carter","47019","TN","Tennessee","36.2538","-82.3345","215679"
"27340","Jacksonville, NC","Jacksonville, NC","Jacksonville, NC","Onslow","37133","NC","North Carolina","34.7322","-77.4322","212954"
"39460","Punta Gorda, FL","Punta Gorda, FL","Punta Gorda, FL","Charlotte","12015","FL","Florida","26.9058","-81.9114","212122"
"30500","Lexington Park, MD","Lexington Park, MD","Lexington Park, MD","St. Mary's","24037","MD","Maryland","38.3921","-76.5920","211382"
"17020","Chico, CA","Chico, CA","Chico, CA","Butte","06007","CA","California","39.6669","-121.6007","208334"
"41100","St. George, UT","St. George, UT","St. George, UT","Washington","49053","UT","Utah","37.2804","-113.5047","207943"
"21140","Elkhart","Elkhart","Elkhart-Goshen, IN","Elkhart","18039","IN","Indiana","41.5974","-85.8587","207436"
"27900","Joplin, MO","Joplin, MO","Joplin, MO-KS","Jasper","29097","MO","Missouri","37.0924","-94.5011","207131"
"44100","Springfield, IL","Springfield, IL","Springfield, IL","Sangamon","17167","IL","Illinois","39.8296","-89.6969","206371"
"41060","St. Cloud, MN","St. Cloud, MN","St. Cloud, MN","Stearns","27145","MN","Minnesota","45.5859","-94.4721","205878"
"12220","Auburn","Auburn","Auburn-Opelika, AL","Lee","01081","AL","Alabama","32.4939","-85.5235","205355"
"47580","Warner Robins, GA","Warner Robins, GA","Warner Robins, GA","Houston","13153","GA","Georgia","32.4903","-83.7120","204110"
"22500","Florence, SC","Florence, SC","Florence, SC","Florence","45041","SC","South Carolina","34.1520","-79.8084","200474"
"16620","Charleston, WV","Charleston, WV","Charleston, WV","Kanawha","54039","WV","West Virginia","38.2717","-81.4917","200122"
"26380","Houma","Houma","Houma-Bayou Cane-Thibodaux, LA","Terrebonne","22109","LA","Louisiana","29.4838","-90.6656","199206"
"39540","Racine","Racine","Racine-Mount Pleasant, WI","Racine","55101","WI","Wisconsin","42.7475","-88.0613","198651"
"14540","Bowling Green, KY","Bowling Green, KY","Bowling Green, KY","Warren","21227","KY","Kentucky","37.0386","-86.4070","197734"
"20100","Dover, DE","Dover, DE","Dover, DE","Kent","10001","DE","Delaware","39.0860","-75.5686","192690"
"13740","Billings, MT","Billings, MT","Billings, MT","Yellowstone","30111","MT","Montana","45.6400","-108.8219","192531"
"17660","Coeur d'Alene, ID","Coeur d'Alene, ID","Coeur d'Alene, ID","Kootenai","16055","ID","Idaho","47.6744","-116.7018","188323"
"33260","Midland, TX","Midland, TX","Midland, TX","Martin","48317","TX","Texas","32.0897","-101.9910","188071"
"40980","Saginaw, MI","Saginaw, MI","Saginaw, MI","Saginaw","26145","MI","Michigan","43.3350","-84.0532","187714"
"49700","Yuba City, CA","Yuba City, CA","Yuba City, CA","Yuba","06115","CA","California","39.1553","-121.5179","186014"
"27180","Jackson, TN","Jackson, TN","Jackson, TN","Gibson","47053","TN","Tennessee","35.7463","-88.8811","183680"
"13980","Blacksburg","Blacksburg","Blacksburg-Christiansburg-Radford, VA","Montgomery","51121","VA","Virginia","37.1209","-80.5329","183318"
"15500","Burlington, NC","Burlington, NC","Burlington, NC","Alamance","37001","NC","North Carolina","36.0437","-79.3995","183040"
"28740","Kingston, NY","Kingston, NY","Kingston, NY","Ulster","36111","NY","New York","41.8881","-74.2586","182977"
"26980","Iowa City, IA","Iowa City, IA","Iowa City, IA","Johnson","19103","IA","Iowa","41.5113","-91.6500","182711"
"10180","Abilene, TX","Abilene, TX","Abilene, TX","Jones","48253","TX","Texas","32.4497","-99.7177","181969"
"20940","El Centro, CA","El Centro, CA","El Centro, CA","Imperial","06025","CA","California","33.0395","-115.3653","181724"
"39820","Redding, CA","Redding, CA","Redding, CA","Shasta","06089","CA","California","40.7637","-122.0405","181121"
"24780","Greenville, NC","Greenville, NC","Greenville, NC","Pitt","37147","NC","North Carolina","35.5933","-77.3745","180783"
"34740","Muskegon","Muskegon","Muskegon-Norton Shores, MI","Muskegon","26121","MI","Michigan","43.2912","-86.1520","177428"
"20740","Eau Claire, WI","Eau Claire, WI","Eau Claire, WI","Chippewa","55017","WI","Wisconsin","44.9388","-91.2822","176153"
"36780","Oshkosh","Oshkosh","Oshkosh-Neenah, WI","Winnebago","55139","WI","Wisconsin","44.0689","-88.6446","173307"
"42680","Sebastian","Sebastian","Sebastian-Vero Beach-West Vero Corridor, FL","Indian River","12061","FL","Florida","27.6943","-80.6064","172139"
"14010","Bloomington, IL","Bloomington, IL","Bloomington, IL","McLean","17113","IL","Illinois","40.4909","-88.8473","172069"
"26820","Idaho Falls, ID","Idaho Falls, ID","Idaho Falls, ID","Butte","16023","ID","Idaho","43.6225","-112.4279","171773"
"29100","La Crosse","La Crosse","La Crosse-Onalaska, WI-MN","Vernon","55123","WI","Wisconsin","43.6983","-91.1076","170763"
"26140","Homosassa Springs, FL","Homosassa Springs, FL","Homosassa Springs, FL","Citrus","12017","FL","Florida","28.8489","-82.4794","170174"
"47940","Waterloo","Waterloo","Waterloo-Cedar Falls, IA","Black Hawk","19013","IA","Iowa","42.5362","-92.4712","170081"
"36220","Odessa, TX","Odessa, TX","Odessa, TX","Ector","48135","TX","Texas","31.8692","-102.5429","170022"
"39380","Pueblo, CO","Pueblo, CO","Pueblo, CO","Pueblo","08101","CO","Colorado","38.1735","-104.5127","169866"
"28450","Kenosha, WI","Kenosha, WI","Kenosha, WI","Kenosha","55059","WI","Wisconsin","42.5769","-88.0424","168754"
"45460","Terre Haute, IN","Terre Haute, IN","Terre Haute, IN","Sullivan","18153","IN","Indiana","39.3919","-87.3440","166552"
"27500","Janesville","Janesville","Janesville-Beloit, WI","Rock","55105","WI","Wisconsin","42.6712","-89.0716","165461"
"11200","Amherst Town","Amherst Town","Amherst Town-Northampton, MA","Hampshire","25015","MA","Massachusetts","42.3402","-72.6638","165399"
"27980","Kahului","Kahului","Kahului-Wailuku, HI","Maui","15009","HI","Hawaii","20.8628","-156.5690","163769"
"14020","Bloomington, IN","Bloomington, IN","Bloomington, IN","Monroe","18105","IN","Indiana","39.2347","-86.6760","162553"
"24300","Grand Junction, CO","Grand Junction, CO","Grand Junction, CO","Mesa","08077","CO","Colorado","39.0183","-108.4664","161260"
"27100","Jackson, MI","Jackson, MI","Jackson, MI","Jackson","26075","MI","Michigan","42.2485","-84.4234","160233"
"30860","Logan, UT","Logan, UT","Logan, UT-ID","Cache","49005","UT","Utah","41.8896","-111.7690","160053"
"44300","State College, PA","State College, PA","State College, PA","Centre","42027","PA","Pennsylvania","40.9189","-77.8199","159805"
"19460","Decatur, AL","Decatur, AL","Decatur, AL","Lawrence","01079","AL","Alabama","34.4906","-87.1026","159651"
"16540","Chambersburg, PA","Chambersburg, PA","Chambersburg, PA","Franklin","42055","PA","Pennsylvania","39.9274","-77.7213","159285"
"42140","Santa Fe, NM","Santa Fe, NM","Santa Fe, NM","Santa Fe","35049","NM","New Mexico","35.5069","-105.9763","157765"
"12620","Bangor, ME","Bangor, ME","Bangor, ME","Penobscot","23019","ME","Maine","45.4006","-68.6495","156840"
"45900","Traverse City, MI","Traverse City, MI","Traverse City, MI","Kalkaska","26079","MI","Michigan","44.7250","-85.5519","156634"
"25620","Hattiesburg, MS","Hattiesburg, MS","Hattiesburg, MS","Perry","28111","MS","Mississippi","31.1874","-89.2288","156411"
"22520","Florence","Florence","Florence-Muscle Shoals, AL","Lauderdale","01077","AL","Alabama","34.8083","-87.7240","156287"
"33780","Monroe, MI","Monroe, MI","Monroe, MI","Monroe","26115","MI","Michigan","41.9291","-83.5394","156045"
"47220","Vineland, NJ","Vineland, NJ","Vineland, NJ","Cumberland","34011","NJ","New Jersey","39.3739","-75.1107","155678"
"25260","Hanford","Hanford","Hanford-Corcoran, CA","Kings","06031","CA","California","36.0752","-119.8155","154913"
"20020","Dothan, AL","Dothan, AL","Dothan, AL","Houston","01069","AL","Alabama","31.2529","-85.4617","154766"
"48680","Wildwood","Wildwood","Wildwood-The Villages, FL","Sumter","12119","FL","Florida","28.7048","-82.0810","154693"
"39660","Rapid City, SD","Rapid City, SD","Rapid City, SD","Meade","46093","SD","South Dakota","44.1915","-102.8999","153470"
"46660","Valdosta, GA","Valdosta, GA","Valdosta, GA","Lowndes","13185","GA","Georgia","30.8294","-83.2415","153179"
"27620","Jefferson City, MO","Jefferson City, MO","Jefferson City, MO","Callaway","29027","MO","Missouri","38.6398","-92.0917","152832"
"35660","Niles, MI","Niles, MI","Niles, MI","Berrien","26021","MI","Michigan","41.9547","-86.4123","152703"
"43300","Sherman","Sherman","Sherman-Denison, TX","Grayson","48181","TX","Texas","33.6268","-96.6777","150532"
"48660","Wichita Falls, TX","Wichita Falls, TX","Wichita Falls, TX","Clay","48077","TX","Texas","33.7747","-98.4914","149869"
"10780","Alexandria, LA","Alexandria, LA","Alexandria, LA","Rapides","22079","LA","Louisiana","31.3306","-92.5418","148008"
"49020","Winchester, VA","Winchester, VA","Winchester, VA-WV","Hampshire","54027","VA","Virginia","39.2722","-78.4739","148005"
"40580","Rocky Mount, NC","Rocky Mount, NC","Rocky Mount, NC","Nash","37127","NC","North Carolina","35.9410","-77.7985","147114"
"19140","Dalton, GA","Dalton, GA","Dalton, GA","Murray","13213","GA","Georgia","34.7963","-84.8481","146386"
"45500","Texarkana, TX","Texarkana, TX","Texarkana, TX-AR","Bowie","48037","TX","Texas","33.4736","-94.2140","146210"
"10500","Albany, GA","Albany, GA","Albany, GA","Worth","13321","GA","Georgia","31.6465","-84.1153","146051"
"43580","Sioux City, IA","Sioux City, IA","Sioux City, IA-NE-SD","Woodbury","19193","IA","Iowa","42.5189","-96.3088","145567"
"30140","Lebanon, PA","Lebanon, PA","Lebanon, PA","Lebanon","42075","PA","Pennsylvania","40.3672","-76.4577","145319"
"22380","Flagstaff, AZ","Flagstaff, AZ","Flagstaff, AZ","Coconino","04005","AZ","Arizona","35.8387","-111.7705","145161"
"34060","Morgantown, WV","Morgantown, WV","Morgantown, WV","Preston","54077","WV","West Virginia","39.5273","-79.8045","142752"
"25220","Hammond, LA","Hammond, LA","Hammond, LA","Tangipahoa","22105","LA","Louisiana","30.6266","-90.4057","139823"
"48140","Wausau, WI","Wausau, WI","Wausau, WI","Marathon","55073","WI","Wisconsin","44.8983","-89.7591","139091"
"25500","Harrisonburg, VA","Harrisonburg, VA","Harrisonburg, VA","Rockingham","51165","VA","Virginia","38.5105","-78.8757","138838"
"13900","Bismarck, ND","Bismarck, ND","Bismarck, ND","Morton","38059","ND","North Dakota","46.8841","-100.9786","138774"
"27860","Jonesboro, AR","Jonesboro, AR","Jonesboro, AR","Poinsett","05111","AR","Arkansas","35.6981","-90.6484","138152"
"48540","Wheeling, WV","Wheeling, WV","Wheeling, WV-OH","Belmont","39013","WV","West Virginia","39.9748","-80.8413","135136"
"44220","Springfield, OH","Springfield, OH","Springfield, OH","Clark","39023","OH","Ohio","39.9167","-83.7844","134985"
"31740","Manhattan, KS","Manhattan, KS","Manhattan, KS","Pottawatomie","20149","KS","Kansas","39.2714","-96.5594","134892"
"12980","Battle Creek, MI","Battle Creek, MI","Battle Creek, MI","Calhoun","26025","MI","Michigan","42.2465","-85.0056","133785"
"34580","Mount Vernon","Mount Vernon","Mount Vernon-Anacortes, WA","Skagit","53057","WA","Washington","48.4795","-121.7290","132736"
"34900","Napa, CA","Napa, CA","Napa, CA","Napa","06055","CA","California","38.5070","-122.3306","132727"
"10540","Albany, OR","Albany, OR","Albany, OR","Linn","41043","OR","Oregon","44.4887","-122.5343","132474"
"17420","Cleveland, TN","Cleveland, TN","Cleveland, TN","Polk","47139","TN","Tennessee","35.1345","-84.6674","132120"
"41540","Salisbury, MD","Salisbury, MD","Salisbury, MD","Wicomico","24045","MD","Maryland","38.2510","-75.6830","131570"
"27780","Johnstown, PA","Johnstown, PA","Johnstown, PA","Cambria","42021","PA","Pennsylvania","40.4951","-78.7134","130108"
"11180","Ames, IA","Ames, IA","Ames, IA","Boone","19015","IA","Iowa","42.0364","-93.6983","129227"
"38340","Pittsfield, MA","Pittsfield, MA","Pittsfield, MA","Berkshire","25003","MA","Massachusetts","42.3707","-73.2063","128726"
"44420","Staunton","Staunton","Staunton-Stuarts Draft, VA","Augusta","51015","VA","Virginia","38.1629","-79.1289","128481"
"21060","Elizabethtown, KY","Elizabethtown, KY","Elizabethtown, KY","Hardin","21093","KY","Kentucky","37.6531","-85.8852","127744"
"48300","Wenatchee","Wenatchee","Wenatchee-East Wenatchee, WA","Chelan","53007","WA","Washington","47.8185","-120.2656","127023"
"14580","Bozeman, MT","Bozeman, MT","Bozeman, MT","Gallatin","30031","MT","Montana","45.5404","-111.1704","126984"
"34100","Morristown, TN","Morristown, TN","Morristown, TN","Jefferson","47089","TN","Tennessee","36.1107","-83.3818","126932"
"33540","Missoula, MT","Missoula, MT","Missoula, MT","Missoula","30063","MT","Montana","47.0718","-114.2664","126608"
"30020","Lawton, OK","Lawton, OK","Lawton, OK","Comanche","40031","OK","Oklahoma","34.5241","-98.4348","126503"
"43420","Sierra Vista","Sierra Vista","Sierra Vista-Douglas, AZ","Cochise","04003","AZ","Arizona","31.8796","-109.7512","125773"
"24020","Glens Falls, NY","Glens Falls, NY","Glens Falls, NY","Warren","36113","NY","New York","43.4435","-73.6488","125127"
"31900","Mansfield, OH","Mansfield, OH","Mansfield, OH","Richland","39139","OH","Ohio","40.7747","-82.5365","124853"
"29940","Lawrence, KS","Lawrence, KS","Lawrence, KS","Douglas","20045","KS","Kansas","38.8847","-95.2926","121989"
"41660","San Angelo, TX","San Angelo, TX","San Angelo, TX","Tom Green","48451","TX","Texas","31.3637","-100.6730","121408"
"46300","Twin Falls, ID","Twin Falls, ID","Twin Falls, ID","Twin Falls","16083","ID","Idaho","42.4358","-114.5708","121319"
"22140","Farmington, NM","Farmington, NM","Farmington, NM","San Juan","35045","NM","New Mexico","36.5085","-108.3206","120817"
"24140","Goldsboro, NC","Goldsboro, NC","Goldsboro, NC","Wayne","37191","NC","North Carolina","35.3640","-78.0040","120338"
"11020","Altoona, PA","Altoona, PA","Altoona, PA","Blair","42013","PA","Pennsylvania","40.4811","-78.3483","120269"
"41140","St. Joseph, MO","St. Joseph, MO","St. Joseph, MO-KS","Andrew","29003","MO","Missouri","39.8341","-94.7838","119186"
"43100","Sheboygan, WI","Sheboygan, WI","Sheboygan, WI","Sheboygan","55117","WI","Wisconsin","43.7212","-87.9454","118331"
"11500","Anniston","Anniston","Anniston-Oxford, AL","Calhoun","01015","AL","Alabama","33.7714","-85.8260","116427"
"15260","Brunswick","Brunswick","Brunswick-St. Simons, GA","McIntosh","13191","GA","Georgia","31.3109","-81.6381","116080"
"30340","Lewiston","Lewiston","Lewiston-Auburn, ME","Androscoggin","23001","ME","Maine","44.1658","-70.2065","115272"
"31020","Longview","Longview","Longview-Kelso, WA","Cowlitz","53015","WA","Washington","46.1932","-122.6810","113982"
"41780","Sandusky, OH","Sandusky, OH","Sandusky, OH","Ottawa","39123","OH","Ohio","41.4523","-82.8853","113533"
"48700","Williamsport, PA","Williamsport, PA","Williamsport, PA","Lycoming","42081","PA","Pennsylvania","41.3434","-77.0645","113236"
"48060","Watertown","Watertown","Watertown-Fort Drum, NY","Jefferson","36045","NY","New York","44.0495","-75.9203","113140"
"34620","Muncie, IN","Muncie, IN","Muncie, IN","Delaware","18035","IN","Indiana","40.2275","-85.3969","112951"
"36980","Owensboro, KY","Owensboro, KY","Owensboro, KY","Daviess","21059","KY","Kentucky","37.6611","-87.1488","112812"
"48260","Weirton","Weirton","Weirton-Steubenville, WV-OH","Jefferson","39081","WV","West Virginia","40.3880","-80.7043","112738"
"33140","Michigan City","Michigan City","Michigan City-La Porte, IN","LaPorte","18091","IN","Indiana","41.5460","-86.7400","111348"
"13220","Beckley, WV","Beckley, WV","Beckley, WV","Fayette","54019","WV","West Virginia","37.9062","-81.1609","110979"
"42700","Sebring, FL","Sebring, FL","Sebring, FL","Highlands","12055","FL","Florida","27.3433","-81.3410","109778"
"38240","Pinehurst","Pinehurst","Pinehurst-Southern Pines, NC","Moore","37125","NC","North Carolina","35.3106","-79.4814","108417"
"23900","Gettysburg, PA","Gettysburg, PA","Gettysburg, PA","Adams","42001","PA","Pennsylvania","39.8715","-77.2179","107914"
"28100","Kankakee, IL","Kankakee, IL","Kankakee, IL","Kankakee","17091","IL","Illinois","41.1377","-87.8618","106410"
"27060","Ithaca, NY","Ithaca, NY","Ithaca, NY","Tompkins","36109","NY","New York","42.4520","-76.4736","105602"
"31860","Mankato, MN","Mankato, MN","Mankato, MN","Blue Earth","27013","MN","Minnesota","44.1544","-94.1356","105193"
"44940","Sumter, SC","Sumter, SC","Sumter, SC","Sumter","45085","SC","South Carolina","33.9162","-80.3822","104776"
"22540","Fond du Lac, WI","Fond du Lac, WI","Fond du Lac, WI","Fond du Lac","55039","WI","Wisconsin","43.7536","-88.4883","104269"
"24220","Grand Forks, ND","Grand Forks, ND","Grand Forks, ND-MN","Polk","27119","ND","North Dakota","47.8360","-96.8444","104184"
"23460","Gadsden, AL","Gadsden, AL","Gadsden, AL","Etowah","01055","AL","Alabama","34.0453","-86.0348","103207"
"13020","Bay City, MI","Bay City, MI","Bay City, MI","Bay","26017","MI","Michigan","43.7075","-83.9924","102651"
"16940","Cheyenne, WY","Cheyenne, WY","Cheyenne, WY","Laramie","56021","WY","Wyoming","41.3070","-104.6895","101783"
"40660","Rome, GA","Rome, GA","Rome, GA","Floyd","13115","GA","Georgia","34.2632","-85.2143","101390"
"30620","Lima, OH","Lima, OH","Lima, OH","Allen","39003","OH","Ohio","40.7715","-84.1058","100866"
"16020","Cape Girardeau, MO","Cape Girardeau, MO","Cape Girardeau, MO-IL","Bollinger","29017","MO","Missouri","37.3245","-89.7698","100842"
"19500","Decatur, IL","Decatur, IL","Decatur, IL","Macon","17115","IL","Illinois","39.8600","-88.9616","100737"
"26300","Hot Springs, AR","Hot Springs, AR","Hot Springs, AR","Garland","05051","AR","Arkansas","34.5767","-93.1504","99902"
"37140","Paducah, KY","Paducah, KY","Paducah, KY-IL","Livingston","21139","KY","Kentucky","37.0953","-88.7169","99814"
"20220","Dubuque, IA","Dubuque, IA","Dubuque, IA","Dubuque","19061","IA","Iowa","42.4688","-90.8825","99242"
"18700","Corvallis, OR","Corvallis, OR","Corvallis, OR","Benton","41003","OR","Oregon","44.4918","-123.4293","98899"
"47020","Victoria, TX","Victoria, TX","Victoria, TX","Victoria","48469","TX","Texas","28.7279","-97.1950","98446"
"25740","Helena, MT","Helena, MT","Helena, MT","Lewis and Clark","30049","MT","Montana","46.7205","-112.1422","96327"
"21820","Fairbanks","Fairbanks","Fairbanks-College, AK","Fairbanks North Star","02090","AK","Alaska","64.8078","-146.5654","94951"
"38540","Pocatello, ID","Pocatello, ID","Pocatello, ID","Bannock","16005","ID","Idaho","42.6685","-112.2246","91010"
"25980","Hinesville, GA","Hinesville, GA","Hinesville, GA","Liberty","13179","GA","Georgia","31.7959","-81.6020","89657"
"24420","Grants Pass, OR","Grants Pass, OR","Grants Pass, OR","Josephine","41033","OR","Oregon","42.3655","-123.5555","88276"
"37620","Parkersburg","Parkersburg","Parkersburg-Vienna, WV","Wood","54107","WV","West Virginia","39.1389","-81.4628","87120"
"18020","Columbus, IN","Columbus, IN","Columbus, IN","Bartholomew","18005","IN","Indiana","39.2060","-85.8976","84741"
"24500","Great Falls, MT","Great Falls, MT","Great Falls, MT","Cascade","30013","MT","Montana","47.3079","-111.3470","84523"
"29020","Kokomo, IN","Kokomo, IN","Kokomo, IN","Howard","18067","IN","Indiana","40.4836","-86.1169","84082"
"33220","Midland, MI","Midland, MI","Midland, MI","Midland","26111","MI","Michigan","43.6468","-84.3881","84022"
"21300","Elmira, NY","Elmira, NY","Elmira, NY","Chemung","36015","NY","New York","42.1413","-76.7600","81115"
"16220","Casper, WY","Casper, WY","Casper, WY","Natrona","56025","WY","Wyoming","42.9622","-106.7986","80410"
"24260","Grand Island, NE","Grand Island, NE","Grand Island, NE","Howard","31093","NE","Nebraska","41.0867","-98.3653","77278"
"33500","Minot, ND","Minot, ND","Minot, ND","Ward","38101","ND","North Dakota","48.3188","-101.2077","75815"
"30300","Lewiston, ID","Lewiston, ID","Lewiston, ID-WA","Nez Perce","16069","ID","Idaho","46.2691","-116.9437","65370"
"47460","Walla Walla, WA","Walla Walla, WA","Walla Walla, WA","Walla Walla","53071","WA","Washington","46.2298","-118.4784","62068"
"21420","Enid, OK","Enid, OK","Enid, OK","Garfield","40047","OK","Oklahoma","36.3791","-97.7827","62007"
"20580","Eagle Pass, TX","Eagle Pass, TX","Eagle Pass, TX","Maverick","48323","TX","Texas","28.7426","-100.3145","58829"
"16180","Carson City, NV","Carson City, NV","Carson City, NV","Carson City","32510","NV","Nevada","39.1511","-119.7476","58148"
